{
  "HVIGOR_OHOS_PLUGIN": {
    "MODULES": [
      {
        "MODULE_NAME": "1043bfc77febe75fafec0c4309faccf1",
        "API_TYPE": "stageMode"
      }
    ],
    "BUILD_MODE": "debug"
  },
  "HVIGOR": {
    "IS_INCREMENTAL": true,
    "IS_DAEMON": true,
    "IS_PARALLEL": true,
    "IS_HVIGORFILE_TYPE_CHECK": false,
    "TASK_TIME": {
      "1043bfc77febe75fafec0c4309faccf1": {
        "ConfigureCmake": 406700,
        "PreCheckSyscap": 495000,
        "ProcessIntegratedHsp": 3371400,
        "BuildNativeWithCmake": 279000,
        "SyscapTransform": 14743100,
        "BuildNativeWithNinja": 1057800,
        "BuildJS": 4562400,
        "SignHap": 2276300,
        "assembleHap": 273400
      }
    },
    "BUILD_ID": "202409281328541160",
    "TOTAL_TIME": 3181040700
  }
}