{"F:\\demo3\\AppScope\\app.json5":{"hashValue":"8285ecf87cc4d2d8c50740170fb9a88d","name":"app.json5","path":"F:\\demo3\\AppScope\\app.json5","type":"file","isSymbolicLink":false,"fileMetaData":{"size":212,"lastModifiedTime":1727349666754}},"F:\\demo3\\entry\\src\\main\\module.json5":{"hashValue":"8261353974a8f20cfaace82cfa8cbdcb","name":"module.json5","path":"F:\\demo3\\entry\\src\\main\\module.json5","type":"file","isSymbolicLink":false,"fileMetaData":{"size":1852,"lastModifiedTime":1727350602381}},"F:\\demo3\\build-profile.json5":{"hashValue":"2574c61a22a2f044b28e82eee8cbb0d7","name":"build-profile.json5","path":"F:\\demo3\\build-profile.json5","type":"file","isSymbolicLink":false,"fileMetaData":{"size":756,"lastModifiedTime":1727349666773}},"F:\\demo3\\entry\\build-profile.json5":{"hashValue":"6435d5174c4506ed8e348ac54bf39959","name":"build-profile.json5","path":"F:\\demo3\\entry\\build-profile.json5","type":"file","isSymbolicLink":false,"fileMetaData":{"size":449,"lastModifiedTime":1727349666764}},"F:\\demo3\\entry\\src\\main\\resources\\base\\profile\\main_pages.json":{"hashValue":"51451b3e3271041460c0613b1a3d47a2","name":"main_pages.json","path":"F:\\demo3\\entry\\src\\main\\resources\\base\\profile\\main_pages.json","type":"file","isSymbolicLink":false,"fileMetaData":{"size":37,"lastModifiedTime":1727349666152}},"F:\\demo3\\hvigor\\hvigor-config.json5":{"hashValue":"38960416274ef669e639bab25bdf1382","name":"hvigor-config.json5","path":"F:\\demo3\\hvigor\\hvigor-config.json5","type":"file","isSymbolicLink":false,"fileMetaData":{"size":1323,"lastModifiedTime":1727349665912}},"F:\\demo3\\entry\\src\\mock\\mock-config.json5":{"hashValue":"a13ceb0ebcc93c43dd2ae0902dee6b45","name":"mock-config.json5","path":"F:\\demo3\\entry\\src\\mock\\mock-config.json5","type":"file","isSymbolicLink":false,"fileMetaData":{"size":3,"lastModifiedTime":1727349666079}},"F:\\demo3\\entry\\oh-package.json5":{"hashValue":"976b35723ca761e5ef96e1d29a903e73","name":"oh-package.json5","path":"F:\\demo3\\entry\\oh-package.json5","type":"file","isSymbolicLink":false,"fileMetaData":{"size":183,"lastModifiedTime":1727349665972}},"F:\\demo3\\entry\\.preview\\default\\intermediates\\merge_profile\\default\\module.json":{"hashValue":"9e20834703a20d5c26fde75f77117468","name":"module.json","path":"F:\\demo3\\entry\\.preview\\default\\intermediates\\merge_profile\\default\\module.json","type":"file","isSymbolicLink":false,"fileMetaData":{"size":1944,"lastModifiedTime":1727350730354}},"F:\\demo3\\entry\\.preview\\default\\generated\\profile\\default\\BuildProfile.ets":{"hashValue":"963a379d4ebbe631f00738a2e4416616","name":"BuildProfile.ets","path":"F:\\demo3\\entry\\.preview\\default\\generated\\profile\\default\\BuildProfile.ets","type":"file","isSymbolicLink":false,"fileMetaData":{"size":860,"lastModifiedTime":1727350730361}},"F:\\demo3\\entry\\.preview\\default\\intermediates\\loader\\default\\pkgContextInfo.json":{"hashValue":"db6f20dfc51667692fcbd921575902e0","name":"pkgContextInfo.json","path":"F:\\demo3\\entry\\.preview\\default\\intermediates\\loader\\default\\pkgContextInfo.json","type":"file","isSymbolicLink":false,"fileMetaData":{"size":444,"lastModifiedTime":1727350730388}},"F:\\demo3\\entry\\.preview\\default\\intermediates\\process_profile\\default\\module.json":{"hashValue":"908c94be787856f819df3c1272357b0d","name":"module.json","path":"F:\\demo3\\entry\\.preview\\default\\intermediates\\process_profile\\default\\module.json","type":"file","isSymbolicLink":false,"fileMetaData":{"size":2030,"lastModifiedTime":1727350730496}},"F:\\demo3\\oh-package.json5":{"hashValue":"1c95cfa21b32568eac413e4f5b3af02c","name":"oh-package.json5","path":"F:\\demo3\\oh-package.json5","type":"file","isSymbolicLink":false,"fileMetaData":{"size":210,"lastModifiedTime":1727349666744}},"F:\\demo3\\entry\\.preview\\default\\intermediates\\router_map\\default\\temp-router-map.json":{"hashValue":"05c8a7116da3ece40548636052bc5665","name":"temp-router-map.json","path":"F:\\demo3\\entry\\.preview\\default\\intermediates\\router_map\\default\\temp-router-map.json","type":"file","isSymbolicLink":false,"fileMetaData":{"size":16,"lastModifiedTime":1727350730506}},"F:\\demo3\\entry\\.preview\\default\\intermediates\\router_map\\default\\loader-router-map.json":{"hashValue":"c934659574cced374693387b2ad582c0","name":"loader-router-map.json","path":"F:\\demo3\\entry\\.preview\\default\\intermediates\\router_map\\default\\loader-router-map.json","type":"file","isSymbolicLink":false,"fileMetaData":{"size":16,"lastModifiedTime":1727350730507}},"F:\\demo3\\entry\\.preview\\default\\intermediates\\loader\\default\\loader.json":{"hashValue":"e72eadb9ec6f75deacf7e297ae2c679c","name":"loader.json","path":"F:\\demo3\\entry\\.preview\\default\\intermediates\\loader\\default\\loader.json","type":"file","isSymbolicLink":false,"fileMetaData":{"size":704,"lastModifiedTime":1727350730541}},"F:\\demo3\\entry\\src\\main\\resources":{"hashValue":"647da6663e4a51b0f67ba3ed7e6fc767","name":"resources","path":"F:\\demo3\\entry\\src\\main\\resources","type":"directory","isSymbolicLink":false,"children":[{"hashValue":"36e69182aaacc19e494360ab06bb71b2","name":"base","path":"F:\\demo3\\entry\\src\\main\\resources\\base","type":"directory","isSymbolicLink":false,"children":[{"hashValue":"401d958aabac16db050bbdc6e4a6b092","name":"element","path":"F:\\demo3\\entry\\src\\main\\resources\\base\\element","type":"directory","isSymbolicLink":false,"children":[{"hashValue":"c9b4cf399b63455b43f886069c60a2d8","name":"color.json","path":"F:\\demo3\\entry\\src\\main\\resources\\base\\element\\color.json","type":"file","isSymbolicLink":false,"fileMetaData":{"size":105,"lastModifiedTime":1727349666108}},{"hashValue":"2e9c6d98fbf1573d797a15c9baf3a2dd","name":"string.json","path":"F:\\demo3\\entry\\src\\main\\resources\\base\\element\\string.json","type":"file","isSymbolicLink":false,"fileMetaData":{"size":314,"lastModifiedTime":1727349730693}}]},{"hashValue":"785704440aabdc69186fcde613f60689","name":"media","path":"F:\\demo3\\entry\\src\\main\\resources\\base\\media","type":"directory","isSymbolicLink":false,"children":[{"hashValue":"edc96950cef53035d7a54251824de178","name":"background.png","path":"F:\\demo3\\entry\\src\\main\\resources\\base\\media\\background.png","type":"file","isSymbolicLink":false,"fileMetaData":{"size":57364,"lastModifiedTime":1727349666116}},{"hashValue":"e7755d68a31f333a985062e6f569e8d3","name":"foreground.png","path":"F:\\demo3\\entry\\src\\main\\resources\\base\\media\\foreground.png","type":"file","isSymbolicLink":false,"fileMetaData":{"size":12430,"lastModifiedTime":1727349666121}},{"hashValue":"ea71b64963969f20c25d9304eda400cb","name":"layered_image.json","path":"F:\\demo3\\entry\\src\\main\\resources\\base\\media\\layered_image.json","type":"file","isSymbolicLink":false,"fileMetaData":{"size":109,"lastModifiedTime":1727349666126}},{"hashValue":"55c7ce95152b330d00abc805810c43b9","name":"startIcon.png","path":"F:\\demo3\\entry\\src\\main\\resources\\base\\media\\startIcon.png","type":"file","isSymbolicLink":false,"fileMetaData":{"size":20093,"lastModifiedTime":1727349666138}}]},{"hashValue":"561ed4275672bf32aa1292c577320288","name":"profile","path":"F:\\demo3\\entry\\src\\main\\resources\\base\\profile","type":"directory","isSymbolicLink":false,"children":[{"hashValue":"36a6ef137ff74b1ca71279a5e3b435bd","name":"backup_config.json","path":"F:\\demo3\\entry\\src\\main\\resources\\base\\profile\\backup_config.json","type":"file","isSymbolicLink":false,"fileMetaData":{"size":36,"lastModifiedTime":1727349666185}},{"hashValue":"51451b3e3271041460c0613b1a3d47a2","name":"main_pages.json","path":"F:\\demo3\\entry\\src\\main\\resources\\base\\profile\\main_pages.json","type":"file","isSymbolicLink":false,"fileMetaData":{"size":37,"lastModifiedTime":1727349666152}}]}]},{"hashValue":"d4ad8ac44393e666cc797623e112e3aa","name":"en_US","path":"F:\\demo3\\entry\\src\\main\\resources\\en_US","type":"directory","isSymbolicLink":false,"children":[{"hashValue":"34638cdb9b01962fb1927119cd8ce10c","name":"element","path":"F:\\demo3\\entry\\src\\main\\resources\\en_US\\element","type":"directory","isSymbolicLink":false,"children":[{"hashValue":"d8318ef73ac8f127864bdd66e5fb78ca","name":"string.json","path":"F:\\demo3\\entry\\src\\main\\resources\\en_US\\element\\string.json","type":"file","isSymbolicLink":false,"fileMetaData":{"size":247,"lastModifiedTime":1727349666728}}]}]},{"hashValue":"","name":"rawfile","path":"F:\\demo3\\entry\\src\\main\\resources\\rawfile","type":"directory","isSymbolicLink":false,"children":[]},{"hashValue":"e1c80ea79a1437b6e15af8f77004a419","name":"zh_CN","path":"F:\\demo3\\entry\\src\\main\\resources\\zh_CN","type":"directory","isSymbolicLink":false,"children":[{"hashValue":"24808df36e5b5066315a656224a31b4d","name":"element","path":"F:\\demo3\\entry\\src\\main\\resources\\zh_CN\\element","type":"directory","isSymbolicLink":false,"children":[{"hashValue":"aa2f1595a9316044492b7aa45b0bd5bf","name":"string.json","path":"F:\\demo3\\entry\\src\\main\\resources\\zh_CN\\element\\string.json","type":"file","isSymbolicLink":false,"fileMetaData":{"size":241,"lastModifiedTime":1727349666749}}]}]}]},"F:\\demo3\\entry\\.preview\\default\\intermediates\\res\\default":{"hashValue":"214f9b76bed3ea24db6be1a391cadd72","name":"default","path":"F:\\demo3\\entry\\.preview\\default\\intermediates\\res\\default","type":"directory","isSymbolicLink":false,"children":[{"hashValue":"3fef54ca18442992a73f9c490ecf5586","name":"app_compiled","path":"F:\\demo3\\entry\\.preview\\default\\intermediates\\res\\default\\app_compiled","type":"directory","isSymbolicLink":false,"children":[{"hashValue":"a8124e5af9faecc195afc2cdcad521ac","name":"3515539561472939237","path":"F:\\demo3\\entry\\.preview\\default\\intermediates\\res\\default\\app_compiled\\3515539561472939237","type":"file","isSymbolicLink":false,"fileMetaData":{"size":142,"lastModifiedTime":1727350948990}},{"hashValue":"6bb40f33ef6b6d9f7906b370bc271668","name":"4749798663540027936","path":"F:\\demo3\\entry\\.preview\\default\\intermediates\\res\\default\\app_compiled\\4749798663540027936","type":"file","isSymbolicLink":false,"fileMetaData":{"size":93,"lastModifiedTime":1727350948990}}]},{"hashValue":"ae407e657bfbd3862a404711564c12ea","name":"ids_map","path":"F:\\demo3\\entry\\.preview\\default\\intermediates\\res\\default\\ids_map","type":"directory","isSymbolicLink":false,"children":[{"hashValue":"1b8eb52aa1ffe6a53e26acdd949d0a4f","name":"id_defined.json","path":"F:\\demo3\\entry\\.preview\\default\\intermediates\\res\\default\\ids_map\\id_defined.json","type":"file","isSymbolicLink":false,"fileMetaData":{"size":1012,"lastModifiedTime":1727350949092}}]},{"hashValue":"2bc856d6e7031136385551ff5425b1c8","name":"mock-config.json","path":"F:\\demo3\\entry\\.preview\\default\\intermediates\\res\\default\\mock-config.json","type":"file","isSymbolicLink":false,"fileMetaData":{"size":2,"lastModifiedTime":1727350737494}},{"hashValue":"33867c902887ab672a0881917beb601d","name":"module_compiled","path":"F:\\demo3\\entry\\.preview\\default\\intermediates\\res\\default\\module_compiled","type":"directory","isSymbolicLink":false,"children":[{"hashValue":"0ff35934ff724df32b773fe5616f9c58","name":"10086753474176659112","path":"F:\\demo3\\entry\\.preview\\default\\intermediates\\res\\default\\module_compiled\\10086753474176659112","type":"file","isSymbolicLink":false,"fileMetaData":{"size":386,"lastModifiedTime":1727350949029}},{"hashValue":"aa2e23ef65be96892d4d3cda2935b9f2","name":"10289910490190792908","path":"F:\\demo3\\entry\\.preview\\default\\intermediates\\res\\default\\module_compiled\\10289910490190792908","type":"file","isSymbolicLink":false,"fileMetaData":{"size":442,"lastModifiedTime":1727350949025}},{"hashValue":"b2eba8d4b62ee6953ee7b5552c462a7b","name":"13119115945274819516","path":"F:\\demo3\\entry\\.preview\\default\\intermediates\\res\\default\\module_compiled\\13119115945274819516","type":"file","isSymbolicLink":false,"fileMetaData":{"size":160,"lastModifiedTime":1727350949026}},{"hashValue":"2d319b8e3dcf378fe7315eae78ce0dcb","name":"14737458944464521657","path":"F:\\demo3\\entry\\.preview\\default\\intermediates\\res\\default\\module_compiled\\14737458944464521657","type":"file","isSymbolicLink":false,"fileMetaData":{"size":115,"lastModifiedTime":1727350949024}},{"hashValue":"2ae4fd04ff24f8e78200c9162117f03d","name":"15156550544542476285","path":"F:\\demo3\\entry\\.preview\\default\\intermediates\\res\\default\\module_compiled\\15156550544542476285","type":"file","isSymbolicLink":false,"fileMetaData":{"size":172,"lastModifiedTime":1727350949026}},{"hashValue":"8de58715422eebd27b696b5a30a359a6","name":"16155910001879370534","path":"F:\\demo3\\entry\\.preview\\default\\intermediates\\res\\default\\module_compiled\\16155910001879370534","type":"file","isSymbolicLink":false,"fileMetaData":{"size":157,"lastModifiedTime":1727350949026}},{"hashValue":"b9d0c91d58c16047911f26c6ed3d34c0","name":"16885454902067311783","path":"F:\\demo3\\entry\\.preview\\default\\intermediates\\res\\default\\module_compiled\\16885454902067311783","type":"file","isSymbolicLink":false,"fileMetaData":{"size":392,"lastModifiedTime":1727350949028}},{"hashValue":"05e1f89c700526c7e5a6768a49d166e1","name":"3031900926023820542","path":"F:\\demo3\\entry\\.preview\\default\\intermediates\\res\\default\\module_compiled\\3031900926023820542","type":"file","isSymbolicLink":false,"fileMetaData":{"size":160,"lastModifiedTime":1727350949025}},{"hashValue":"939406ddb36c5c332f0cd7b46ff0373c","name":"8271494705998954140","path":"F:\\demo3\\entry\\.preview\\default\\intermediates\\res\\default\\module_compiled\\8271494705998954140","type":"file","isSymbolicLink":false,"fileMetaData":{"size":176,"lastModifiedTime":1727350949027}},{"hashValue":"7af264663f5af4abcd51c27b99de29e5","name":"9196027100792000437","path":"F:\\demo3\\entry\\.preview\\default\\intermediates\\res\\default\\module_compiled\\9196027100792000437","type":"file","isSymbolicLink":false,"fileMetaData":{"size":167,"lastModifiedTime":1727350949027}}]},{"hashValue":"d408b01e650ad8303c2c388c77411254","name":"module.json","path":"F:\\demo3\\entry\\.preview\\default\\intermediates\\res\\default\\module.json","type":"file","isSymbolicLink":false,"fileMetaData":{"size":2226,"lastModifiedTime":1727350949093}},{"hashValue":"aff798d33bd683f7f39f6450c401aed8","name":"resources","path":"F:\\demo3\\entry\\.preview\\default\\intermediates\\res\\default\\resources","type":"directory","isSymbolicLink":false,"children":[{"hashValue":"2c8d1990cb3864519472b7c84935aaf0","name":"base","path":"F:\\demo3\\entry\\.preview\\default\\intermediates\\res\\default\\resources\\base","type":"directory","isSymbolicLink":false,"children":[{"hashValue":"f5cc025e35e2397fe774fca9fca2f4f9","name":"media","path":"F:\\demo3\\entry\\.preview\\default\\intermediates\\res\\default\\resources\\base\\media","type":"directory","isSymbolicLink":false,"children":[{"hashValue":"ee0affb54a51587a0ef5e2fafee524b4","name":"layered_image.json","path":"F:\\demo3\\entry\\.preview\\default\\intermediates\\res\\default\\resources\\base\\media\\layered_image.json","type":"file","isSymbolicLink":false,"fileMetaData":{"size":95,"lastModifiedTime":1727350949091}}]},{"hashValue":"b59029c51f362636bb9963ce8b0c27c5","name":"profile","path":"F:\\demo3\\entry\\.preview\\default\\intermediates\\res\\default\\resources\\base\\profile","type":"directory","isSymbolicLink":false,"children":[{"hashValue":"36a6ef137ff74b1ca71279a5e3b435bd","name":"backup_config.json","path":"F:\\demo3\\entry\\.preview\\default\\intermediates\\res\\default\\resources\\base\\profile\\backup_config.json","type":"file","isSymbolicLink":false,"fileMetaData":{"size":36,"lastModifiedTime":1727349666185}},{"hashValue":"38205155aba657babe4d2c2cad1257ff","name":"main_pages.json","path":"F:\\demo3\\entry\\.preview\\default\\intermediates\\res\\default\\resources\\base\\profile\\main_pages.json","type":"file","isSymbolicLink":false,"fileMetaData":{"size":24,"lastModifiedTime":1727350949122}}]}]}]},{"hashValue":"b82ca75ad946d6baaa9ce0d7209ae491","name":"resources.index","path":"F:\\demo3\\entry\\.preview\\default\\intermediates\\res\\default\\resources.index","type":"file","isSymbolicLink":false,"fileMetaData":{"size":1541,"lastModifiedTime":1727350949092}},{"hashValue":"98f9cb15b517ccd3a9ab9597535306c9","name":"ResourceTable.txt","path":"F:\\demo3\\entry\\.preview\\default\\intermediates\\res\\default\\ResourceTable.txt","type":"file","isSymbolicLink":false,"fileMetaData":{"size":398,"lastModifiedTime":1727350949093}}]},"F:\\demo3\\entry\\.preview\\default\\generated\\r\\default":{"hashValue":"907d63fdc5722f1072d205512e90f634","name":"default","path":"F:\\demo3\\entry\\.preview\\default\\generated\\r\\default","type":"directory","isSymbolicLink":false,"children":[{"hashValue":"3e80239652e9e2f13021214520f4321a","name":"ResourceTable.h","path":"F:\\demo3\\entry\\.preview\\default\\generated\\r\\default\\ResourceTable.h","type":"file","isSymbolicLink":false,"fileMetaData":{"size":1325,"lastModifiedTime":1727350949093}}]},"F:\\demo3\\entry\\src\\main\\resources\\base\\profile":{"hashValue":"561ed4275672bf32aa1292c577320288","name":"profile","path":"F:\\demo3\\entry\\src\\main\\resources\\base\\profile","type":"directory","isSymbolicLink":false,"children":[{"hashValue":"36a6ef137ff74b1ca71279a5e3b435bd","name":"backup_config.json","path":"F:\\demo3\\entry\\src\\main\\resources\\base\\profile\\backup_config.json","type":"file","isSymbolicLink":false,"fileMetaData":{"size":36,"lastModifiedTime":1727349666185}},{"hashValue":"51451b3e3271041460c0613b1a3d47a2","name":"main_pages.json","path":"F:\\demo3\\entry\\src\\main\\resources\\base\\profile\\main_pages.json","type":"file","isSymbolicLink":false,"fileMetaData":{"size":37,"lastModifiedTime":1727349666152}}]},"F:\\demo3\\entry\\.preview\\default\\intermediates\\res\\default\\resources\\base\\profile":{"hashValue":"b59029c51f362636bb9963ce8b0c27c5","name":"profile","path":"F:\\demo3\\entry\\.preview\\default\\intermediates\\res\\default\\resources\\base\\profile","type":"directory","isSymbolicLink":false,"children":[{"hashValue":"36a6ef137ff74b1ca71279a5e3b435bd","name":"backup_config.json","path":"F:\\demo3\\entry\\.preview\\default\\intermediates\\res\\default\\resources\\base\\profile\\backup_config.json","type":"file","isSymbolicLink":false,"fileMetaData":{"size":36,"lastModifiedTime":1727349666185}},{"hashValue":"38205155aba657babe4d2c2cad1257ff","name":"main_pages.json","path":"F:\\demo3\\entry\\.preview\\default\\intermediates\\res\\default\\resources\\base\\profile\\main_pages.json","type":"file","isSymbolicLink":false,"fileMetaData":{"size":24,"lastModifiedTime":1727350949122}}]},"F:\\demo3\\entry\\.preview\\default\\intermediates\\res\\default\\module.json":{"hashValue":"d408b01e650ad8303c2c388c77411254","name":"module.json","path":"F:\\demo3\\entry\\.preview\\default\\intermediates\\res\\default\\module.json","type":"file","isSymbolicLink":false,"fileMetaData":{"size":2226,"lastModifiedTime":1727350949093}},"F:\\demo3\\entry\\.preview\\default\\intermediates\\res\\default\\resources\\base\\profile\\main_pages.json":{"hashValue":"38205155aba657babe4d2c2cad1257ff","name":"main_pages.json","path":"F:\\demo3\\entry\\.preview\\default\\intermediates\\res\\default\\resources\\base\\profile\\main_pages.json","type":"file","isSymbolicLink":false,"fileMetaData":{"size":24,"lastModifiedTime":1727350949122}},"F:\\demo3\\entry\\.preview\\default\\intermediates\\loader\\default":{"hashValue":"2c1945cf513c594fc38840eb5bcb1ef5","name":"default","path":"F:\\demo3\\entry\\.preview\\default\\intermediates\\loader\\default","type":"directory","isSymbolicLink":false,"children":[{"hashValue":"e72eadb9ec6f75deacf7e297ae2c679c","name":"loader.json","path":"F:\\demo3\\entry\\.preview\\default\\intermediates\\loader\\default\\loader.json","type":"file","isSymbolicLink":false,"fileMetaData":{"size":704,"lastModifiedTime":1727350730541}},{"hashValue":"db6f20dfc51667692fcbd921575902e0","name":"pkgContextInfo.json","path":"F:\\demo3\\entry\\.preview\\default\\intermediates\\loader\\default\\pkgContextInfo.json","type":"file","isSymbolicLink":false,"fileMetaData":{"size":444,"lastModifiedTime":1727350730388}}]},"F:\\demo3\\entry\\.preview\\default\\intermediates\\res\\default\\ResourceTable.txt":{"hashValue":"98f9cb15b517ccd3a9ab9597535306c9","name":"ResourceTable.txt","path":"F:\\demo3\\entry\\.preview\\default\\intermediates\\res\\default\\ResourceTable.txt","type":"file","isSymbolicLink":false,"fileMetaData":{"size":398,"lastModifiedTime":1727350949093}},"F:\\demo3\\entry\\src\\main\\ets":{"hashValue":"65425436c09c19aa1a60a8cca9239028","name":"ets","path":"F:\\demo3\\entry\\src\\main\\ets","type":"directory","isSymbolicLink":false,"children":[{"hashValue":"4dfadc7669997fdc97666d5d1e9c4a77","name":"entryability","path":"F:\\demo3\\entry\\src\\main\\ets\\entryability","type":"directory","isSymbolicLink":false,"children":[{"hashValue":"6500df11d44db8c9e78dfc5d5749b6ab","name":"EntryAbility.ets","path":"F:\\demo3\\entry\\src\\main\\ets\\entryability\\EntryAbility.ets","type":"file","isSymbolicLink":false,"fileMetaData":{"size":1474,"lastModifiedTime":1727349666758}}]},{"hashValue":"b401caa67b19f6f1f2ba8e1c2e942d4a","name":"entrybackupability","path":"F:\\demo3\\entry\\src\\main\\ets\\entrybackupability","type":"directory","isSymbolicLink":false,"children":[{"hashValue":"786946f87e1da001949c52e1a4faf2ba","name":"EntryBackupAbility.ets","path":"F:\\demo3\\entry\\src\\main\\ets\\entrybackupability\\EntryBackupAbility.ets","type":"file","isSymbolicLink":false,"fileMetaData":{"size":436,"lastModifiedTime":1727349666723}}]},{"hashValue":"6aed2c84e1617b6329b339c50157558d","name":"pages","path":"F:\\demo3\\entry\\src\\main\\ets\\pages","type":"directory","isSymbolicLink":false,"children":[{"hashValue":"d948c5ab7eaec923728dee9ae1e72408","name":"Index.ets","path":"F:\\demo3\\entry\\src\\main\\ets\\pages\\Index.ets","type":"file","isSymbolicLink":false,"fileMetaData":{"size":4477,"lastModifiedTime":1727350701661}}]}]},"F:\\demo3\\entry\\build\\default\\intermediates\\hap_metadata\\default\\output_metadata.json":{"hashValue":"12aacec72221dde42de5380013c6bc29","name":"output_metadata.json","path":"F:\\demo3\\entry\\build\\default\\intermediates\\hap_metadata\\default\\output_metadata.json","type":"file","isSymbolicLink":false,"fileMetaData":{"size":100,"lastModifiedTime":1727400958619}},"F:\\demo3\\entry\\build\\default\\intermediates\\merge_profile\\default\\module.json":{"hashValue":"86ad84dc97c0138820b8e8e2fd65b590","name":"module.json","path":"F:\\demo3\\entry\\build\\default\\intermediates\\merge_profile\\default\\module.json","type":"file","isSymbolicLink":false,"fileMetaData":{"size":1944,"lastModifiedTime":1727400958633}},"F:\\demo3\\entry\\build\\default\\generated\\profile\\default\\BuildProfile.ets":{"hashValue":"cbe7789f39fabe3c941e4014e3279317","name":"BuildProfile.ets","path":"F:\\demo3\\entry\\build\\default\\generated\\profile\\default\\BuildProfile.ets","type":"file","isSymbolicLink":false,"fileMetaData":{"size":860,"lastModifiedTime":1727400958642}},"F:\\demo3\\entry\\build\\default\\intermediates\\loader\\default\\pkgContextInfo.json":{"hashValue":"527c65ac48c3c66c02584ceff6f3427a","name":"pkgContextInfo.json","path":"F:\\demo3\\entry\\build\\default\\intermediates\\loader\\default\\pkgContextInfo.json","type":"file","isSymbolicLink":false,"fileMetaData":{"size":444,"lastModifiedTime":1727400958673}},"F:\\demo3\\entry\\src\\main\\resources\\base\\profile\\backup_config.json":{"hashValue":"36a6ef137ff74b1ca71279a5e3b435bd","name":"backup_config.json","path":"F:\\demo3\\entry\\src\\main\\resources\\base\\profile\\backup_config.json","type":"file","isSymbolicLink":false,"fileMetaData":{"size":36,"lastModifiedTime":1727349666185}},"F:\\demo3\\entry\\build\\default\\outputs\\default\\pack.info":{"hashValue":"a3d38316ce544bf01a291b727268b0de","name":"pack.info","path":"F:\\demo3\\entry\\build\\default\\outputs\\default\\pack.info","type":"file","isSymbolicLink":false,"fileMetaData":{"size":634,"lastModifiedTime":1727400958694}},"F:\\demo3\\entry\\build\\default\\intermediates\\process_profile\\default\\module.json":{"hashValue":"b5d69b52298342a16a3b964dbf05bc4d","name":"module.json","path":"F:\\demo3\\entry\\build\\default\\intermediates\\process_profile\\default\\module.json","type":"file","isSymbolicLink":false,"fileMetaData":{"size":2030,"lastModifiedTime":1727400958894}},"F:\\huawei harmony\\DevEco Studio\\sdk\\default\\openharmony\\toolchains\\syscap_tool.exe":{"hashValue":"c2275bc8cf68da594110a74a2a246ad9","name":"syscap_tool.exe","path":"F:\\huawei harmony\\DevEco Studio\\sdk\\default\\openharmony\\toolchains\\syscap_tool.exe","type":"file","isSymbolicLink":false,"fileMetaData":{"size":343552,"lastModifiedTime":1725460209000}},"F:\\huawei harmony\\DevEco Studio\\sdk\\default\\openharmony\\ets\\api\\device-define":{"hashValue":"507e990b88411d4aa56194ab28279b86","name":"device-define","path":"F:\\huawei harmony\\DevEco Studio\\sdk\\default\\openharmony\\ets\\api\\device-define","type":"directory","isSymbolicLink":false,"children":[{"hashValue":"a50cdcb6392f41fc53795eb0cde9a2c5","name":"default.json","path":"F:\\huawei harmony\\DevEco Studio\\sdk\\default\\openharmony\\ets\\api\\device-define\\default.json","type":"file","isSymbolicLink":false,"fileMetaData":{"size":12253,"lastModifiedTime":1725460209000}},{"hashValue":"51ed342d578952d92bbe35ef6f0099dd","name":"liteWearable.json","path":"F:\\huawei harmony\\DevEco Studio\\sdk\\default\\openharmony\\ets\\api\\device-define\\liteWearable.json","type":"file","isSymbolicLink":false,"fileMetaData":{"size":883,"lastModifiedTime":1725460209000}},{"hashValue":"836847222622931126fc7497c6a7c1ab","name":"tablet.json","path":"F:\\huawei harmony\\DevEco Studio\\sdk\\default\\openharmony\\ets\\api\\device-define\\tablet.json","type":"file","isSymbolicLink":false,"fileMetaData":{"size":11820,"lastModifiedTime":1725460209000}}]},"F:\\demo3\\entry\\build\\default\\intermediates\\router_map\\default\\temp-router-map.json":{"hashValue":"57ced3fa7b2278ec0c16620fa3c07850","name":"temp-router-map.json","path":"F:\\demo3\\entry\\build\\default\\intermediates\\router_map\\default\\temp-router-map.json","type":"file","isSymbolicLink":false,"fileMetaData":{"size":16,"lastModifiedTime":1727400958912}},"F:\\demo3\\entry\\build\\default\\intermediates\\router_map\\default\\loader-router-map.json":{"hashValue":"186b1d130bd4032d72c5ddc21057c656","name":"loader-router-map.json","path":"F:\\demo3\\entry\\build\\default\\intermediates\\router_map\\default\\loader-router-map.json","type":"file","isSymbolicLink":false,"fileMetaData":{"size":16,"lastModifiedTime":1727400958913}},"F:\\demo3\\entry\\build\\default\\intermediates\\res\\default\\resConfig.json":{"hashValue":"6820438850d943a77e963efe1dc92cf6","name":"resConfig.json","path":"F:\\demo3\\entry\\build\\default\\intermediates\\res\\default\\resConfig.json","type":"file","isSymbolicLink":false,"fileMetaData":{"size":759,"lastModifiedTime":1727400958935}},"F:\\demo3\\entry\\build\\default\\intermediates\\loader\\default\\loader.json":{"hashValue":"9ed1a0ffd2fb871a49eb46ecb6bdbfa3","name":"loader.json","path":"F:\\demo3\\entry\\build\\default\\intermediates\\loader\\default\\loader.json","type":"file","isSymbolicLink":false,"fileMetaData":{"size":774,"lastModifiedTime":1727400958967}},"F:\\demo3\\entry\\build\\default\\intermediates\\libs\\default":{"hashValue":"","name":"default","path":"F:\\demo3\\entry\\build\\default\\intermediates\\libs\\default","type":"directory","isSymbolicLink":false,"children":[]},"F:\\demo3\\AppScope\\resources":{"hashValue":"5519511fbae895b8b81b64e15be29596","name":"resources","path":"F:\\demo3\\AppScope\\resources","type":"directory","isSymbolicLink":false,"children":[{"hashValue":"7590a2052e9a3ca97be22f52f8939c6b","name":"base","path":"F:\\demo3\\AppScope\\resources\\base","type":"directory","isSymbolicLink":false,"children":[{"hashValue":"1aab223d0942f98bd0e590160dd0a3e9","name":"element","path":"F:\\demo3\\AppScope\\resources\\base\\element","type":"directory","isSymbolicLink":false,"children":[{"hashValue":"b342f58692fdd953d84faddfd911e2d1","name":"string.json","path":"F:\\demo3\\AppScope\\resources\\base\\element\\string.json","type":"file","isSymbolicLink":false,"fileMetaData":{"size":91,"lastModifiedTime":1727349665946}}]},{"hashValue":"c2eec7cc764b625bccb3a068f03dc1fa","name":"media","path":"F:\\demo3\\AppScope\\resources\\base\\media","type":"directory","isSymbolicLink":false,"children":[{"hashValue":"565093096a43f88df255cf785fb0cc0e","name":"app_icon.png","path":"F:\\demo3\\AppScope\\resources\\base\\media\\app_icon.png","type":"file","isSymbolicLink":false,"fileMetaData":{"size":2777,"lastModifiedTime":1727349665936}}]}]}]},"F:\\demo3\\entry\\build\\default\\intermediates\\res\\default":{"hashValue":"f6a6789db9b0e288d2e84aebbc61ad68","name":"default","path":"F:\\demo3\\entry\\build\\default\\intermediates\\res\\default","type":"directory","isSymbolicLink":false,"children":[{"hashValue":"fbb30dac6e3d17c8e6537148980d7c49","name":"ids_map","path":"F:\\demo3\\entry\\build\\default\\intermediates\\res\\default\\ids_map","type":"directory","isSymbolicLink":false,"children":[{"hashValue":"21b219dd068acf2f5033f8d855d3d814","name":"id_defined.json","path":"F:\\demo3\\entry\\build\\default\\intermediates\\res\\default\\ids_map\\id_defined.json","type":"file","isSymbolicLink":false,"fileMetaData":{"size":1012,"lastModifiedTime":1727400959222}}]},{"hashValue":"81f8d422af27ab2a5b26750e3f874449","name":"module.json","path":"F:\\demo3\\entry\\build\\default\\intermediates\\res\\default\\module.json","type":"file","isSymbolicLink":false,"fileMetaData":{"size":2226,"lastModifiedTime":1727400959209}},{"hashValue":"6820438850d943a77e963efe1dc92cf6","name":"resConfig.json","path":"F:\\demo3\\entry\\build\\default\\intermediates\\res\\default\\resConfig.json","type":"file","isSymbolicLink":false,"fileMetaData":{"size":759,"lastModifiedTime":1727400958935}},{"hashValue":"2831ec770c8d3821d3c9b5f2bdb64fd3","name":"resources","path":"F:\\demo3\\entry\\build\\default\\intermediates\\res\\default\\resources","type":"directory","isSymbolicLink":false,"children":[{"hashValue":"56551df4f67e2f1dd319583e185ecfc7","name":"base","path":"F:\\demo3\\entry\\build\\default\\intermediates\\res\\default\\resources\\base","type":"directory","isSymbolicLink":false,"children":[{"hashValue":"bccb81321afccc927d5d389366096f54","name":"media","path":"F:\\demo3\\entry\\build\\default\\intermediates\\res\\default\\resources\\base\\media","type":"directory","isSymbolicLink":false,"children":[{"hashValue":"565093096a43f88df255cf785fb0cc0e","name":"app_icon.png","path":"F:\\demo3\\entry\\build\\default\\intermediates\\res\\default\\resources\\base\\media\\app_icon.png","type":"file","isSymbolicLink":false,"fileMetaData":{"size":2777,"lastModifiedTime":1727349665936}},{"hashValue":"edc96950cef53035d7a54251824de178","name":"background.png","path":"F:\\demo3\\entry\\build\\default\\intermediates\\res\\default\\resources\\base\\media\\background.png","type":"file","isSymbolicLink":false,"fileMetaData":{"size":57364,"lastModifiedTime":1727349666116}},{"hashValue":"e7755d68a31f333a985062e6f569e8d3","name":"foreground.png","path":"F:\\demo3\\entry\\build\\default\\intermediates\\res\\default\\resources\\base\\media\\foreground.png","type":"file","isSymbolicLink":false,"fileMetaData":{"size":12430,"lastModifiedTime":1727349666121}},{"hashValue":"d12eab4cbdcd232187b737e0881a0e21","name":"layered_image.json","path":"F:\\demo3\\entry\\build\\default\\intermediates\\res\\default\\resources\\base\\media\\layered_image.json","type":"file","isSymbolicLink":false,"fileMetaData":{"size":95,"lastModifiedTime":1727400959195}},{"hashValue":"55c7ce95152b330d00abc805810c43b9","name":"startIcon.png","path":"F:\\demo3\\entry\\build\\default\\intermediates\\res\\default\\resources\\base\\media\\startIcon.png","type":"file","isSymbolicLink":false,"fileMetaData":{"size":20093,"lastModifiedTime":1727349666138}}]},{"hashValue":"561ed4275672bf32aa1292c577320288","name":"profile","path":"F:\\demo3\\entry\\build\\default\\intermediates\\res\\default\\resources\\base\\profile","type":"directory","isSymbolicLink":false,"children":[{"hashValue":"36a6ef137ff74b1ca71279a5e3b435bd","name":"backup_config.json","path":"F:\\demo3\\entry\\build\\default\\intermediates\\res\\default\\resources\\base\\profile\\backup_config.json","type":"file","isSymbolicLink":false,"fileMetaData":{"size":36,"lastModifiedTime":1727349666185}},{"hashValue":"51451b3e3271041460c0613b1a3d47a2","name":"main_pages.json","path":"F:\\demo3\\entry\\build\\default\\intermediates\\res\\default\\resources\\base\\profile\\main_pages.json","type":"file","isSymbolicLink":false,"fileMetaData":{"size":37,"lastModifiedTime":1727349666152}}]}]},{"hashValue":"","name":"rawfile","path":"F:\\demo3\\entry\\build\\default\\intermediates\\res\\default\\resources\\rawfile","type":"directory","isSymbolicLink":false,"children":[]}]},{"hashValue":"375df9cec69cc97caa6e4eb40309e61f","name":"resources.index","path":"F:\\demo3\\entry\\build\\default\\intermediates\\res\\default\\resources.index","type":"file","isSymbolicLink":false,"fileMetaData":{"size":1387,"lastModifiedTime":1727400959221}},{"hashValue":"9ef83364bbd566bad6e7b5a91cc58366","name":"ResourceTable.txt","path":"F:\\demo3\\entry\\build\\default\\intermediates\\res\\default\\ResourceTable.txt","type":"file","isSymbolicLink":false,"fileMetaData":{"size":398,"lastModifiedTime":1727400959207}}]},"F:\\demo3\\entry\\build\\default\\generated\\r\\default\\ResourceTable.h":{"hashValue":"b16d3de361676c2f93932d3cd3d6c3ea","name":"ResourceTable.h","path":"F:\\demo3\\entry\\build\\default\\generated\\r\\default\\ResourceTable.h","type":"file","isSymbolicLink":false,"fileMetaData":{"size":1325,"lastModifiedTime":1727400959206}},"F:\\demo3\\entry\\build\\default\\generated\\r\\default":{"hashValue":"f75602204213f97bc916f02c3c5b84d4","name":"default","path":"F:\\demo3\\entry\\build\\default\\generated\\r\\default","type":"directory","isSymbolicLink":false,"children":[{"hashValue":"b16d3de361676c2f93932d3cd3d6c3ea","name":"ResourceTable.h","path":"F:\\demo3\\entry\\build\\default\\generated\\r\\default\\ResourceTable.h","type":"file","isSymbolicLink":false,"fileMetaData":{"size":1325,"lastModifiedTime":1727400959206}}]},"F:\\demo3\\entry\\build\\default\\intermediates\\loader\\default":{"hashValue":"3755c847d7ebd9b42123470813d9721b","name":"default","path":"F:\\demo3\\entry\\build\\default\\intermediates\\loader\\default","type":"directory","isSymbolicLink":false,"children":[{"hashValue":"9ed1a0ffd2fb871a49eb46ecb6bdbfa3","name":"loader.json","path":"F:\\demo3\\entry\\build\\default\\intermediates\\loader\\default\\loader.json","type":"file","isSymbolicLink":false,"fileMetaData":{"size":774,"lastModifiedTime":1727400958967}},{"hashValue":"527c65ac48c3c66c02584ceff6f3427a","name":"pkgContextInfo.json","path":"F:\\demo3\\entry\\build\\default\\intermediates\\loader\\default\\pkgContextInfo.json","type":"file","isSymbolicLink":false,"fileMetaData":{"size":444,"lastModifiedTime":1727400958673}}]},"F:\\demo3\\entry\\build\\default\\intermediates\\res\\default\\resources\\rawfile":{"hashValue":"","name":"rawfile","path":"F:\\demo3\\entry\\build\\default\\intermediates\\res\\default\\resources\\rawfile","type":"directory","isSymbolicLink":false,"children":[]},"F:\\demo3\\entry\\build\\default\\intermediates\\res\\default\\ResourceTable.txt":{"hashValue":"9ef83364bbd566bad6e7b5a91cc58366","name":"ResourceTable.txt","path":"F:\\demo3\\entry\\build\\default\\intermediates\\res\\default\\ResourceTable.txt","type":"file","isSymbolicLink":false,"fileMetaData":{"size":398,"lastModifiedTime":1727400959207}},"F:\\demo3\\entry\\build\\default\\intermediates\\res\\default\\module.json":{"hashValue":"81f8d422af27ab2a5b26750e3f874449","name":"module.json","path":"F:\\demo3\\entry\\build\\default\\intermediates\\res\\default\\module.json","type":"file","isSymbolicLink":false,"fileMetaData":{"size":2226,"lastModifiedTime":1727400959209}},"F:\\demo3\\entry\\build\\default\\intermediates\\res\\default\\resources\\base\\profile":{"hashValue":"561ed4275672bf32aa1292c577320288","name":"profile","path":"F:\\demo3\\entry\\build\\default\\intermediates\\res\\default\\resources\\base\\profile","type":"directory","isSymbolicLink":false,"children":[{"hashValue":"36a6ef137ff74b1ca71279a5e3b435bd","name":"backup_config.json","path":"F:\\demo3\\entry\\build\\default\\intermediates\\res\\default\\resources\\base\\profile\\backup_config.json","type":"file","isSymbolicLink":false,"fileMetaData":{"size":36,"lastModifiedTime":1727349666185}},{"hashValue":"51451b3e3271041460c0613b1a3d47a2","name":"main_pages.json","path":"F:\\demo3\\entry\\build\\default\\intermediates\\res\\default\\resources\\base\\profile\\main_pages.json","type":"file","isSymbolicLink":false,"fileMetaData":{"size":37,"lastModifiedTime":1727349666152}}]},"F:\\demo3\\entry\\build\\default\\intermediates\\loader_out\\default\\ets":{"hashValue":"732c96e3ee5e6cdc8f3a6d5d39302b3f","name":"ets","path":"F:\\demo3\\entry\\build\\default\\intermediates\\loader_out\\default\\ets","type":"directory","isSymbolicLink":false,"children":[{"hashValue":"a9f3867aa5ae1494bd7e560fea072dbb","name":"modules.abc","path":"F:\\demo3\\entry\\build\\default\\intermediates\\loader_out\\default\\ets\\modules.abc","type":"file","isSymbolicLink":false,"fileMetaData":{"size":17380,"lastModifiedTime":1727400973725}},{"hashValue":"fc2151220ddf663e198671dfbba7df29","name":"sourceMaps.map","path":"F:\\demo3\\entry\\build\\default\\intermediates\\loader_out\\default\\ets\\sourceMaps.map","type":"file","isSymbolicLink":false,"fileMetaData":{"size":5831,"lastModifiedTime":1727400973669}}]},"F:\\demo3\\entry\\build\\default\\intermediates\\stripped_native_libs\\default":{"hashValue":"","name":"default","path":"F:\\demo3\\entry\\build\\default\\intermediates\\stripped_native_libs\\default","type":"directory","isSymbolicLink":false,"children":[]},"F:\\demo3\\entry\\build\\default\\intermediates\\patch\\default\\base_native_libs.json":{"hashValue":"d5a941406b7ec57fe2abf28fbc6f5e7f","name":"base_native_libs.json","path":"F:\\demo3\\entry\\build\\default\\intermediates\\patch\\default\\base_native_libs.json","type":"file","isSymbolicLink":false,"fileMetaData":{"size":25,"lastModifiedTime":1727400961911}},"F:\\demo3\\entry\\build\\default\\intermediates\\package\\default\\module.json":{"hashValue":"81f8d422af27ab2a5b26750e3f874449","name":"module.json","path":"F:\\demo3\\entry\\build\\default\\intermediates\\package\\default\\module.json","type":"file","isSymbolicLink":false,"fileMetaData":{"size":2226,"lastModifiedTime":1727400959209}},"F:\\demo3\\entry\\build\\default\\intermediates\\res\\default\\resources":{"hashValue":"2831ec770c8d3821d3c9b5f2bdb64fd3","name":"resources","path":"F:\\demo3\\entry\\build\\default\\intermediates\\res\\default\\resources","type":"directory","isSymbolicLink":false,"children":[{"hashValue":"56551df4f67e2f1dd319583e185ecfc7","name":"base","path":"F:\\demo3\\entry\\build\\default\\intermediates\\res\\default\\resources\\base","type":"directory","isSymbolicLink":false,"children":[{"hashValue":"bccb81321afccc927d5d389366096f54","name":"media","path":"F:\\demo3\\entry\\build\\default\\intermediates\\res\\default\\resources\\base\\media","type":"directory","isSymbolicLink":false,"children":[{"hashValue":"565093096a43f88df255cf785fb0cc0e","name":"app_icon.png","path":"F:\\demo3\\entry\\build\\default\\intermediates\\res\\default\\resources\\base\\media\\app_icon.png","type":"file","isSymbolicLink":false,"fileMetaData":{"size":2777,"lastModifiedTime":1727349665936}},{"hashValue":"edc96950cef53035d7a54251824de178","name":"background.png","path":"F:\\demo3\\entry\\build\\default\\intermediates\\res\\default\\resources\\base\\media\\background.png","type":"file","isSymbolicLink":false,"fileMetaData":{"size":57364,"lastModifiedTime":1727349666116}},{"hashValue":"e7755d68a31f333a985062e6f569e8d3","name":"foreground.png","path":"F:\\demo3\\entry\\build\\default\\intermediates\\res\\default\\resources\\base\\media\\foreground.png","type":"file","isSymbolicLink":false,"fileMetaData":{"size":12430,"lastModifiedTime":1727349666121}},{"hashValue":"d12eab4cbdcd232187b737e0881a0e21","name":"layered_image.json","path":"F:\\demo3\\entry\\build\\default\\intermediates\\res\\default\\resources\\base\\media\\layered_image.json","type":"file","isSymbolicLink":false,"fileMetaData":{"size":95,"lastModifiedTime":1727400959195}},{"hashValue":"55c7ce95152b330d00abc805810c43b9","name":"startIcon.png","path":"F:\\demo3\\entry\\build\\default\\intermediates\\res\\default\\resources\\base\\media\\startIcon.png","type":"file","isSymbolicLink":false,"fileMetaData":{"size":20093,"lastModifiedTime":1727349666138}}]},{"hashValue":"561ed4275672bf32aa1292c577320288","name":"profile","path":"F:\\demo3\\entry\\build\\default\\intermediates\\res\\default\\resources\\base\\profile","type":"directory","isSymbolicLink":false,"children":[{"hashValue":"36a6ef137ff74b1ca71279a5e3b435bd","name":"backup_config.json","path":"F:\\demo3\\entry\\build\\default\\intermediates\\res\\default\\resources\\base\\profile\\backup_config.json","type":"file","isSymbolicLink":false,"fileMetaData":{"size":36,"lastModifiedTime":1727349666185}},{"hashValue":"51451b3e3271041460c0613b1a3d47a2","name":"main_pages.json","path":"F:\\demo3\\entry\\build\\default\\intermediates\\res\\default\\resources\\base\\profile\\main_pages.json","type":"file","isSymbolicLink":false,"fileMetaData":{"size":37,"lastModifiedTime":1727349666152}}]}]},{"hashValue":"","name":"rawfile","path":"F:\\demo3\\entry\\build\\default\\intermediates\\res\\default\\resources\\rawfile","type":"directory","isSymbolicLink":false,"children":[]}]},"F:\\demo3\\entry\\build\\default\\intermediates\\res\\default\\resources.index":{"hashValue":"375df9cec69cc97caa6e4eb40309e61f","name":"resources.index","path":"F:\\demo3\\entry\\build\\default\\intermediates\\res\\default\\resources.index","type":"file","isSymbolicLink":false,"fileMetaData":{"size":1387,"lastModifiedTime":1727400959221}},"F:\\demo3\\entry\\build\\default\\outputs\\default\\entry-default-unsigned.hap":{"hashValue":"a7b2ef669bf1b06131b64cfdbc9a9154","name":"entry-default-unsigned.hap","path":"F:\\demo3\\entry\\build\\default\\outputs\\default\\entry-default-unsigned.hap","type":"file","isSymbolicLink":false,"fileMetaData":{"size":121983,"lastModifiedTime":1727400974205}},"F:\\demo3\\entry\\build\\default\\outputs\\default\\mapping\\sourceMaps.map":{"hashValue":"fc2151220ddf663e198671dfbba7df29","name":"sourceMaps.map","path":"F:\\demo3\\entry\\build\\default\\outputs\\default\\mapping\\sourceMaps.map","type":"file","isSymbolicLink":false,"fileMetaData":{"size":5831,"lastModifiedTime":1727400973669}},"F:\\demo3\\build\\cache\\default\\integrated_hsp\\integratedHspCache.json":{"hashValue":"","name":"emptyroot","path":"","type":"unknown","isSymbolicLink":false,"children":[]},"F:\\demo3\\entry\\build\\default\\intermediates\\syscap\\default\\rpcid.sc":{"hashValue":"","name":"emptyroot","path":"","type":"unknown","isSymbolicLink":false,"children":[]},"F:\\demo3\\entry\\build\\default\\intermediates\\loader_out\\default\\js":{"hashValue":"","name":"emptyroot","path":"","type":"unknown","isSymbolicLink":false,"children":[]},"F:\\demo3\\entry\\build\\default\\outputs\\default\\entry-default-signed.hap":{"hashValue":"","name":"emptyroot","path":"","type":"unknown","isSymbolicLink":false,"children":[]}}