{
  "HVIGOR_OHOS_PLUGIN": {
    "MODULES": [
      {
        "MODULE_NAME": "1043bfc77febe75fafec0c4309faccf1",
        "API_TYPE": "stageMode",
        "INCREMENTAL_TASKS": {
          "COMPILE_ARKTS": false
        }
      }
    ],
    "BUILD_MODE": "debug"
  },
  "HVIGOR": {
    "IS_INCREMENTAL": true,
    "IS_DAEMON": true,
    "IS_PARALLEL": true,
    "IS_HVIGORFILE_TYPE_CHECK": false,
    "TASK_TIME": {
      "1043bfc77febe75fafec0c4309faccf1": {
        "GenerateMetadata": 6667400,
        "ConfigureCmake": 257300,
        "MergeProfile": 7317400,
        "CreateBuildProfile": 6433700,
        "PreCheckSyscap": 243200,
        "GeneratePkgContextInfo": 1461500,
        "ProcessIntegratedHsp": 2619300,
        "BuildNativeWithCmake": 290200,
        "MakePackInfo": 6490300,
        "ProcessProfile": 123725100,
        "SyscapTransform": 3170600,
        "ProcessRouterMap": 10345000,
        "BuildNativeWithNinja": 2615300,
        "ProcessResource": 8576600,
        "GenerateLoaderJson": 26846900,
        "CompileResource": 127967700,
        "BuildJS": 6541600,
        "ProcessLibs": 1413791200,
        "DoNativeStrip": 21318800,
        "CacheNativeLibs": 1782177500,
        "CompileArkTS": 8616370000,
        "GeneratePkgModuleJson": 3767000,
        "PackageHap": 417822000,
        "SignHap": 1819500,
        "assembleHap": 226700
      }
    },
    "TOTAL_TIME": 9680779300,
    "BUILD_ID": "202409271831349960"
  }
}