{
  "HVIGOR_OHOS_PLUGIN": {
    "MODULES": [
      {
        "MODULE_NAME": "1043bfc77febe75fafec0c4309faccf1",
        "API_TYPE": "stageMode"
      }
    ],
    "BUILD_MODE": "debug"
  },
  "HVIGOR": {
    "IS_INCREMENTAL": true,
    "IS_DAEMON": true,
    "IS_PARALLEL": true,
    "IS_HVIGORFILE_TYPE_CHECK": false,
    "TASK_TIME": {
      "1043bfc77febe75fafec0c4309faccf1": {
        "ConfigureCmake": 417300,
        "PreCheckSyscap": 866900,
        "ProcessIntegratedHsp": 3813300,
        "BuildNativeWithCmake": 414900,
        "SyscapTransform": 16405600,
        "BuildNativeWithNinja": 1311600,
        "BuildJS": 5090400,
        "SignHap": 2356600,
        "assembleHap": 340800
      }
    },
    "BUILD_ID": "202409281327517100",
    "TOTAL_TIME": 17570820600
  }
}