{"F:\\demon2\\AppScope\\app.json5":{"hashValue":"e17e1e9384ae4c6ac034f15fdc3513e0","name":"app.json5","path":"F:\\demon2\\AppScope\\app.json5","type":"file","isSymbolicLink":false,"fileMetaData":{"size":213,"lastModifiedTime":1727348308787}},"F:\\demon2\\entry\\src\\main\\module.json5":{"hashValue":"57c32b58085e5cb4a92245842e456063","name":"module.json5","path":"F:\\demon2\\entry\\src\\main\\module.json5","type":"file","isSymbolicLink":false,"fileMetaData":{"size":1342,"lastModifiedTime":1727348308815}},"F:\\demon2\\build-profile.json5":{"hashValue":"a15a54893ca91fb739d82fc66cc18758","name":"build-profile.json5","path":"F:\\demon2\\build-profile.json5","type":"file","isSymbolicLink":false,"fileMetaData":{"size":756,"lastModifiedTime":1727348308806}},"F:\\demon2\\entry\\build-profile.json5":{"hashValue":"4f94f7c2b914456c705fdae72cc2e517","name":"build-profile.json5","path":"F:\\demon2\\entry\\build-profile.json5","type":"file","isSymbolicLink":false,"fileMetaData":{"size":449,"lastModifiedTime":1727348308819}},"F:\\demon2\\entry\\src\\main\\resources\\base\\profile\\main_pages.json":{"hashValue":"b399ba62dfc2698700442fe28be4fcac","name":"main_pages.json","path":"F:\\demon2\\entry\\src\\main\\resources\\base\\profile\\main_pages.json","type":"file","isSymbolicLink":false,"fileMetaData":{"size":37,"lastModifiedTime":1727348304677}},"F:\\demon2\\hvigor\\hvigor-config.json5":{"hashValue":"26dfd16f6e116bbfc491e2280ebf1650","name":"hvigor-config.json5","path":"F:\\demon2\\hvigor\\hvigor-config.json5","type":"file","isSymbolicLink":false,"fileMetaData":{"size":1323,"lastModifiedTime":1727348304339}},"F:\\demon2\\entry\\src\\mock\\mock-config.json5":{"hashValue":"b1c7e2bc913d0e503c45a5810ddd6ae0","name":"mock-config.json5","path":"F:\\demon2\\entry\\src\\mock\\mock-config.json5","type":"file","isSymbolicLink":false,"fileMetaData":{"size":3,"lastModifiedTime":1727348304570}},"F:\\demon2\\entry\\oh-package.json5":{"hashValue":"965ace96d69e30939d490fb18816ea98","name":"oh-package.json5","path":"F:\\demon2\\entry\\oh-package.json5","type":"file","isSymbolicLink":false,"fileMetaData":{"size":183,"lastModifiedTime":1727348304412}},"F:\\demon2\\entry\\.preview\\default\\intermediates\\merge_profile\\default\\module.json":{"hashValue":"80f88a75c1ef6eeeba17db952bfec1eb","name":"module.json","path":"F:\\demon2\\entry\\.preview\\default\\intermediates\\merge_profile\\default\\module.json","type":"file","isSymbolicLink":false,"fileMetaData":{"size":1545,"lastModifiedTime":1727349575050}},"F:\\demon2\\entry\\.preview\\default\\generated\\profile\\default\\BuildProfile.ets":{"hashValue":"8ec66bfab2099b108e7e4d6c8f300492","name":"BuildProfile.ets","path":"F:\\demon2\\entry\\.preview\\default\\generated\\profile\\default\\BuildProfile.ets","type":"file","isSymbolicLink":false,"fileMetaData":{"size":861,"lastModifiedTime":1727349575057}},"F:\\demon2\\entry\\.preview\\default\\intermediates\\loader\\default\\pkgContextInfo.json":{"hashValue":"97c00c73e28e84a70d2dec212872f84a","name":"pkgContextInfo.json","path":"F:\\demon2\\entry\\.preview\\default\\intermediates\\loader\\default\\pkgContextInfo.json","type":"file","isSymbolicLink":false,"fileMetaData":{"size":444,"lastModifiedTime":1727349575085}},"F:\\demon2\\entry\\.preview\\default\\intermediates\\process_profile\\default\\module.json":{"hashValue":"0e9d0655e5875e16310fd5a1ea0b7db3","name":"module.json","path":"F:\\demon2\\entry\\.preview\\default\\intermediates\\process_profile\\default\\module.json","type":"file","isSymbolicLink":false,"fileMetaData":{"size":1631,"lastModifiedTime":1727349575977}},"F:\\demon2\\oh-package.json5":{"hashValue":"a9054386b77f09c0125bb1603dc6c029","name":"oh-package.json5","path":"F:\\demon2\\oh-package.json5","type":"file","isSymbolicLink":false,"fileMetaData":{"size":210,"lastModifiedTime":1727348308792}},"F:\\demon2\\entry\\.preview\\default\\intermediates\\router_map\\default\\temp-router-map.json":{"hashValue":"89ddedbad4a45dffdfc541fb8d078585","name":"temp-router-map.json","path":"F:\\demon2\\entry\\.preview\\default\\intermediates\\router_map\\default\\temp-router-map.json","type":"file","isSymbolicLink":false,"fileMetaData":{"size":16,"lastModifiedTime":1727349575986}},"F:\\demon2\\entry\\.preview\\default\\intermediates\\router_map\\default\\loader-router-map.json":{"hashValue":"f0c4934eb02838786abae401dd161c91","name":"loader-router-map.json","path":"F:\\demon2\\entry\\.preview\\default\\intermediates\\router_map\\default\\loader-router-map.json","type":"file","isSymbolicLink":false,"fileMetaData":{"size":16,"lastModifiedTime":1727349575987}},"F:\\demon2\\entry\\.preview\\default\\intermediates\\loader\\default\\loader.json":{"hashValue":"6452a989500cbd877ad97f50d7a9dbc8","name":"loader.json","path":"F:\\demon2\\entry\\.preview\\default\\intermediates\\loader\\default\\loader.json","type":"file","isSymbolicLink":false,"fileMetaData":{"size":708,"lastModifiedTime":1727349576019}},"F:\\demon2\\entry\\src\\main\\resources":{"hashValue":"079c1a996ae29a7fa75747f0deaaca7c","name":"resources","path":"F:\\demon2\\entry\\src\\main\\resources","type":"directory","isSymbolicLink":false,"children":[{"hashValue":"f1a1f1254e1d788352577c35e536053f","name":"base","path":"F:\\demon2\\entry\\src\\main\\resources\\base","type":"directory","isSymbolicLink":false,"children":[{"hashValue":"7df54bc91e7a6dd1eed0215825f8fede","name":"element","path":"F:\\demon2\\entry\\src\\main\\resources\\base\\element","type":"directory","isSymbolicLink":false,"children":[{"hashValue":"a20908242947934ae29ed9dcc0b3602b","name":"color.json","path":"F:\\demon2\\entry\\src\\main\\resources\\base\\element\\color.json","type":"file","isSymbolicLink":false,"fileMetaData":{"size":105,"lastModifiedTime":1727348304602}},{"hashValue":"9a86aa35d8feabcf4a91072520caf223","name":"string.json","path":"F:\\demon2\\entry\\src\\main\\resources\\base\\element\\string.json","type":"file","isSymbolicLink":false,"fileMetaData":{"size":247,"lastModifiedTime":1727348308829}}]},{"hashValue":"208d3748e3a0ec517d2b2bacf9f6b560","name":"media","path":"F:\\demon2\\entry\\src\\main\\resources\\base\\media","type":"directory","isSymbolicLink":false,"children":[{"hashValue":"0f9614796c87afed44cf14568297e9c0","name":"background.png","path":"F:\\demon2\\entry\\src\\main\\resources\\base\\media\\background.png","type":"file","isSymbolicLink":false,"fileMetaData":{"size":57364,"lastModifiedTime":1727348304618}},{"hashValue":"570f4f9d07740d37c4b5ef91c64dd1d4","name":"compass.png","path":"F:\\demon2\\entry\\src\\main\\resources\\base\\media\\compass.png","type":"file","isSymbolicLink":false,"fileMetaData":{"size":67955,"lastModifiedTime":1650764062000}},{"hashValue":"82f0a6e8aeb746ece9baa12629e01d4a","name":"foreground.png","path":"F:\\demon2\\entry\\src\\main\\resources\\base\\media\\foreground.png","type":"file","isSymbolicLink":false,"fileMetaData":{"size":12430,"lastModifiedTime":1727348304629}},{"hashValue":"d70795036269c3fcec3e7056c8ae1e3f","name":"layered_image.json","path":"F:\\demon2\\entry\\src\\main\\resources\\base\\media\\layered_image.json","type":"file","isSymbolicLink":false,"fileMetaData":{"size":109,"lastModifiedTime":1727348304639}},{"hashValue":"a345574f7f9c7bb09f3bd18da6cb3bb8","name":"startIcon.png","path":"F:\\demon2\\entry\\src\\main\\resources\\base\\media\\startIcon.png","type":"file","isSymbolicLink":false,"fileMetaData":{"size":20093,"lastModifiedTime":1727348304654}}]},{"hashValue":"a0ef4af454a6a824b1d8cd9c6c6dea19","name":"profile","path":"F:\\demon2\\entry\\src\\main\\resources\\base\\profile","type":"directory","isSymbolicLink":false,"children":[{"hashValue":"ebfe9b707275bb9905ea76be26e5125f","name":"backup_config.json","path":"F:\\demon2\\entry\\src\\main\\resources\\base\\profile\\backup_config.json","type":"file","isSymbolicLink":false,"fileMetaData":{"size":36,"lastModifiedTime":1727348304711}},{"hashValue":"b399ba62dfc2698700442fe28be4fcac","name":"main_pages.json","path":"F:\\demon2\\entry\\src\\main\\resources\\base\\profile\\main_pages.json","type":"file","isSymbolicLink":false,"fileMetaData":{"size":37,"lastModifiedTime":1727348304677}}]}]},{"hashValue":"f64bc80ac171b82489f2c2ae24bbbb7e","name":"en_US","path":"F:\\demon2\\entry\\src\\main\\resources\\en_US","type":"directory","isSymbolicLink":false,"children":[{"hashValue":"4470f24261408499539f1df668b85d43","name":"element","path":"F:\\demon2\\entry\\src\\main\\resources\\en_US\\element","type":"directory","isSymbolicLink":false,"children":[{"hashValue":"9716f9fc6c111f1877b07b081363cce6","name":"string.json","path":"F:\\demon2\\entry\\src\\main\\resources\\en_US\\element\\string.json","type":"file","isSymbolicLink":false,"fileMetaData":{"size":247,"lastModifiedTime":1727348308824}}]}]},{"hashValue":"","name":"rawfile","path":"F:\\demon2\\entry\\src\\main\\resources\\rawfile","type":"directory","isSymbolicLink":false,"children":[]},{"hashValue":"440df66e7664b613334266158b97ba78","name":"zh_CN","path":"F:\\demon2\\entry\\src\\main\\resources\\zh_CN","type":"directory","isSymbolicLink":false,"children":[{"hashValue":"3050fa8e8e2ab70965da6eaca7c38701","name":"element","path":"F:\\demon2\\entry\\src\\main\\resources\\zh_CN\\element","type":"directory","isSymbolicLink":false,"children":[{"hashValue":"c17ebd34d4567397e80e7352170060d4","name":"string.json","path":"F:\\demon2\\entry\\src\\main\\resources\\zh_CN\\element\\string.json","type":"file","isSymbolicLink":false,"fileMetaData":{"size":241,"lastModifiedTime":1727348308797}}]}]}]},"F:\\demon2\\entry\\.preview\\default\\intermediates\\res\\default":{"hashValue":"8b1af4528908b4f7813f34e30b9957e6","name":"default","path":"F:\\demon2\\entry\\.preview\\default\\intermediates\\res\\default","type":"directory","isSymbolicLink":false,"children":[{"hashValue":"48fd3878d4b19f9224969958a099eb9a","name":"app_compiled","path":"F:\\demon2\\entry\\.preview\\default\\intermediates\\res\\default\\app_compiled","type":"directory","isSymbolicLink":false,"children":[{"hashValue":"740dd7aef8a2dd38b68846fbbfd81107","name":"12793207473223279294","path":"F:\\demon2\\entry\\.preview\\default\\intermediates\\res\\default\\app_compiled\\12793207473223279294","type":"file","isSymbolicLink":false,"fileMetaData":{"size":144,"lastModifiedTime":1727349576073}},{"hashValue":"60621e033d03b156d4370dc3de227863","name":"15491873252229005006","path":"F:\\demon2\\entry\\.preview\\default\\intermediates\\res\\default\\app_compiled\\15491873252229005006","type":"file","isSymbolicLink":false,"fileMetaData":{"size":95,"lastModifiedTime":1727349576072}}]},{"hashValue":"214f0ba8bd03eb5d238b2b46a97f0e0e","name":"ids_map","path":"F:\\demon2\\entry\\.preview\\default\\intermediates\\res\\default\\ids_map","type":"directory","isSymbolicLink":false,"children":[{"hashValue":"0037c227887857eb5943e9faee950d84","name":"id_defined.json","path":"F:\\demon2\\entry\\.preview\\default\\intermediates\\res\\default\\ids_map\\id_defined.json","type":"file","isSymbolicLink":false,"fileMetaData":{"size":1012,"lastModifiedTime":1727349576177}}]},{"hashValue":"1b11ec53ca243a72db2941a12d9aa50a","name":"mock-config.json","path":"F:\\demon2\\entry\\.preview\\default\\intermediates\\res\\default\\mock-config.json","type":"file","isSymbolicLink":false,"fileMetaData":{"size":2,"lastModifiedTime":1727349588809}},{"hashValue":"0645e53dffbb63e5a9f73eef48951eac","name":"module_compiled","path":"F:\\demon2\\entry\\.preview\\default\\intermediates\\res\\default\\module_compiled","type":"directory","isSymbolicLink":false,"children":[{"hashValue":"301871d035b430efe3b6d2ea749a0a1a","name":"10375784990424632311","path":"F:\\demon2\\entry\\.preview\\default\\intermediates\\res\\default\\module_compiled\\10375784990424632311","type":"file","isSymbolicLink":false,"fileMetaData":{"size":162,"lastModifiedTime":1727349576114}},{"hashValue":"7fcaf343745a60d6ac20fa5b6af2f886","name":"10412518328146186969","path":"F:\\demon2\\entry\\.preview\\default\\intermediates\\res\\default\\module_compiled\\10412518328146186969","type":"file","isSymbolicLink":false,"fileMetaData":{"size":389,"lastModifiedTime":1727349576119}},{"hashValue":"c8b89c4c01ed84901e6b3b5943e9ab1a","name":"11926752425454234052","path":"F:\\demon2\\entry\\.preview\\default\\intermediates\\res\\default\\module_compiled\\11926752425454234052","type":"file","isSymbolicLink":false,"fileMetaData":{"size":178,"lastModifiedTime":1727349576116}},{"hashValue":"4b68f077088b61903d40b5b5917aa068","name":"17832910705407167330","path":"F:\\demon2\\entry\\.preview\\default\\intermediates\\res\\default\\module_compiled\\17832910705407167330","type":"file","isSymbolicLink":false,"fileMetaData":{"size":174,"lastModifiedTime":1727349576115}},{"hashValue":"9ec9657d69da926ec59cf0ab5c7bc006","name":"2790238142206172424","path":"F:\\demon2\\entry\\.preview\\default\\intermediates\\res\\default\\module_compiled\\2790238142206172424","type":"file","isSymbolicLink":false,"fileMetaData":{"size":159,"lastModifiedTime":1727349576115}},{"hashValue":"bb0d034eb69e782c117c1730123fefba","name":"4013650433286494705","path":"F:\\demon2\\entry\\.preview\\default\\intermediates\\res\\default\\module_compiled\\4013650433286494705","type":"file","isSymbolicLink":false,"fileMetaData":{"size":116,"lastModifiedTime":1727349576112}},{"hashValue":"60ec0422df534d80744875b24ec0da6a","name":"4017955923845249523","path":"F:\\demon2\\entry\\.preview\\default\\intermediates\\res\\default\\module_compiled\\4017955923845249523","type":"file","isSymbolicLink":false,"fileMetaData":{"size":341,"lastModifiedTime":1727349576113}},{"hashValue":"7e64f933b81f46f01ac610a1b9b76899","name":"5502749404364505705","path":"F:\\demon2\\entry\\.preview\\default\\intermediates\\res\\default\\module_compiled\\5502749404364505705","type":"file","isSymbolicLink":false,"fileMetaData":{"size":162,"lastModifiedTime":1727349576113}},{"hashValue":"723d2fba9899ec021ade2e3fb08595a5","name":"5611991891991132069","path":"F:\\demon2\\entry\\.preview\\default\\intermediates\\res\\default\\module_compiled\\5611991891991132069","type":"file","isSymbolicLink":false,"fileMetaData":{"size":395,"lastModifiedTime":1727349576118}},{"hashValue":"627af5b993019b24adfc3264f58ecf8b","name":"6048946078740600855","path":"F:\\demon2\\entry\\.preview\\default\\intermediates\\res\\default\\module_compiled\\6048946078740600855","type":"file","isSymbolicLink":false,"fileMetaData":{"size":153,"lastModifiedTime":1727349576114}},{"hashValue":"c98a64b8451e9ea74a213bf7404ef435","name":"623247450897684261","path":"F:\\demon2\\entry\\.preview\\default\\intermediates\\res\\default\\module_compiled\\623247450897684261","type":"file","isSymbolicLink":false,"fileMetaData":{"size":169,"lastModifiedTime":1727349576117}}]},{"hashValue":"e61c1bb8a8cd0e5866d27840ab723b65","name":"module.json","path":"F:\\demon2\\entry\\.preview\\default\\intermediates\\res\\default\\module.json","type":"file","isSymbolicLink":false,"fileMetaData":{"size":1811,"lastModifiedTime":1727349576178}},{"hashValue":"2424c79e218e8a0fe008551da50a641c","name":"resources","path":"F:\\demon2\\entry\\.preview\\default\\intermediates\\res\\default\\resources","type":"directory","isSymbolicLink":false,"children":[{"hashValue":"e137037bcb43151c7e316faf9bba5da7","name":"base","path":"F:\\demon2\\entry\\.preview\\default\\intermediates\\res\\default\\resources\\base","type":"directory","isSymbolicLink":false,"children":[{"hashValue":"1c44e3f89897af812ed50a13c8dabee1","name":"media","path":"F:\\demon2\\entry\\.preview\\default\\intermediates\\res\\default\\resources\\base\\media","type":"directory","isSymbolicLink":false,"children":[{"hashValue":"915ca4db63d398c17b128a0b619d5bba","name":"layered_image.json","path":"F:\\demon2\\entry\\.preview\\default\\intermediates\\res\\default\\resources\\base\\media\\layered_image.json","type":"file","isSymbolicLink":false,"fileMetaData":{"size":95,"lastModifiedTime":1727349576176}}]},{"hashValue":"2a13a97fb50f35e809e06237c8729829","name":"profile","path":"F:\\demon2\\entry\\.preview\\default\\intermediates\\res\\default\\resources\\base\\profile","type":"directory","isSymbolicLink":false,"children":[{"hashValue":"ebfe9b707275bb9905ea76be26e5125f","name":"backup_config.json","path":"F:\\demon2\\entry\\.preview\\default\\intermediates\\res\\default\\resources\\base\\profile\\backup_config.json","type":"file","isSymbolicLink":false,"fileMetaData":{"size":36,"lastModifiedTime":1727348304711}},{"hashValue":"9684ec924413ccb98b3b697e64908aa1","name":"main_pages.json","path":"F:\\demon2\\entry\\.preview\\default\\intermediates\\res\\default\\resources\\base\\profile\\main_pages.json","type":"file","isSymbolicLink":false,"fileMetaData":{"size":24,"lastModifiedTime":1727349576212}}]}]}]},{"hashValue":"51f7b4c6758f3b4fffae27b79aba823b","name":"resources.index","path":"F:\\demon2\\entry\\.preview\\default\\intermediates\\res\\default\\resources.index","type":"file","isSymbolicLink":false,"fileMetaData":{"size":1595,"lastModifiedTime":1727349576176}},{"hashValue":"2ef38a13824e60cfd220c39cae9fcda2","name":"ResourceTable.txt","path":"F:\\demon2\\entry\\.preview\\default\\intermediates\\res\\default\\ResourceTable.txt","type":"file","isSymbolicLink":false,"fileMetaData":{"size":398,"lastModifiedTime":1727349576179}}]},"F:\\demon2\\entry\\.preview\\default\\generated\\r\\default":{"hashValue":"de94d4e3f85afea7780386c12cf76cd9","name":"default","path":"F:\\demon2\\entry\\.preview\\default\\generated\\r\\default","type":"directory","isSymbolicLink":false,"children":[{"hashValue":"be4d0961a7d9c97ce9fea6215f749382","name":"ResourceTable.h","path":"F:\\demon2\\entry\\.preview\\default\\generated\\r\\default\\ResourceTable.h","type":"file","isSymbolicLink":false,"fileMetaData":{"size":1325,"lastModifiedTime":1727349576178}}]},"F:\\demon2\\entry\\src\\main\\resources\\base\\profile":{"hashValue":"a0ef4af454a6a824b1d8cd9c6c6dea19","name":"profile","path":"F:\\demon2\\entry\\src\\main\\resources\\base\\profile","type":"directory","isSymbolicLink":false,"children":[{"hashValue":"ebfe9b707275bb9905ea76be26e5125f","name":"backup_config.json","path":"F:\\demon2\\entry\\src\\main\\resources\\base\\profile\\backup_config.json","type":"file","isSymbolicLink":false,"fileMetaData":{"size":36,"lastModifiedTime":1727348304711}},{"hashValue":"b399ba62dfc2698700442fe28be4fcac","name":"main_pages.json","path":"F:\\demon2\\entry\\src\\main\\resources\\base\\profile\\main_pages.json","type":"file","isSymbolicLink":false,"fileMetaData":{"size":37,"lastModifiedTime":1727348304677}}]},"F:\\demon2\\entry\\.preview\\default\\intermediates\\res\\default\\resources\\base\\profile":{"hashValue":"2a13a97fb50f35e809e06237c8729829","name":"profile","path":"F:\\demon2\\entry\\.preview\\default\\intermediates\\res\\default\\resources\\base\\profile","type":"directory","isSymbolicLink":false,"children":[{"hashValue":"ebfe9b707275bb9905ea76be26e5125f","name":"backup_config.json","path":"F:\\demon2\\entry\\.preview\\default\\intermediates\\res\\default\\resources\\base\\profile\\backup_config.json","type":"file","isSymbolicLink":false,"fileMetaData":{"size":36,"lastModifiedTime":1727348304711}},{"hashValue":"9684ec924413ccb98b3b697e64908aa1","name":"main_pages.json","path":"F:\\demon2\\entry\\.preview\\default\\intermediates\\res\\default\\resources\\base\\profile\\main_pages.json","type":"file","isSymbolicLink":false,"fileMetaData":{"size":24,"lastModifiedTime":1727349576212}}]},"F:\\demon2\\entry\\.preview\\default\\intermediates\\res\\default\\module.json":{"hashValue":"e61c1bb8a8cd0e5866d27840ab723b65","name":"module.json","path":"F:\\demon2\\entry\\.preview\\default\\intermediates\\res\\default\\module.json","type":"file","isSymbolicLink":false,"fileMetaData":{"size":1811,"lastModifiedTime":1727349576178}},"F:\\demon2\\entry\\.preview\\default\\intermediates\\res\\default\\resources\\base\\profile\\main_pages.json":{"hashValue":"9684ec924413ccb98b3b697e64908aa1","name":"main_pages.json","path":"F:\\demon2\\entry\\.preview\\default\\intermediates\\res\\default\\resources\\base\\profile\\main_pages.json","type":"file","isSymbolicLink":false,"fileMetaData":{"size":24,"lastModifiedTime":1727349576212}},"F:\\demon2\\entry\\.preview\\default\\intermediates\\loader\\default":{"hashValue":"b82e296c75152ef0daa2578523c850fa","name":"default","path":"F:\\demon2\\entry\\.preview\\default\\intermediates\\loader\\default","type":"directory","isSymbolicLink":false,"children":[{"hashValue":"6452a989500cbd877ad97f50d7a9dbc8","name":"loader.json","path":"F:\\demon2\\entry\\.preview\\default\\intermediates\\loader\\default\\loader.json","type":"file","isSymbolicLink":false,"fileMetaData":{"size":708,"lastModifiedTime":1727349576019}},{"hashValue":"97c00c73e28e84a70d2dec212872f84a","name":"pkgContextInfo.json","path":"F:\\demon2\\entry\\.preview\\default\\intermediates\\loader\\default\\pkgContextInfo.json","type":"file","isSymbolicLink":false,"fileMetaData":{"size":444,"lastModifiedTime":1727349575085}}]},"F:\\demon2\\entry\\.preview\\default\\intermediates\\res\\default\\ResourceTable.txt":{"hashValue":"2ef38a13824e60cfd220c39cae9fcda2","name":"ResourceTable.txt","path":"F:\\demon2\\entry\\.preview\\default\\intermediates\\res\\default\\ResourceTable.txt","type":"file","isSymbolicLink":false,"fileMetaData":{"size":398,"lastModifiedTime":1727349576179}},"F:\\demon2\\entry\\src\\main\\ets":{"hashValue":"e1b850916afdf0490f6ccee68db12523","name":"ets","path":"F:\\demon2\\entry\\src\\main\\ets","type":"directory","isSymbolicLink":false,"children":[{"hashValue":"a848643505b506a5604eb5173f9b0c64","name":"entryability","path":"F:\\demon2\\entry\\src\\main\\ets\\entryability","type":"directory","isSymbolicLink":false,"children":[{"hashValue":"b8f31c3832a4c95c15678d8f4f15fbcd","name":"EntryAbility.ets","path":"F:\\demon2\\entry\\src\\main\\ets\\entryability\\EntryAbility.ets","type":"file","isSymbolicLink":false,"fileMetaData":{"size":1474,"lastModifiedTime":1727348308810}}]},{"hashValue":"634ed8a7211c8282cb4dfd574dc73288","name":"entrybackupability","path":"F:\\demon2\\entry\\src\\main\\ets\\entrybackupability","type":"directory","isSymbolicLink":false,"children":[{"hashValue":"80106e33b084867d052fab4c38e34636","name":"EntryBackupAbility.ets","path":"F:\\demon2\\entry\\src\\main\\ets\\entrybackupability\\EntryBackupAbility.ets","type":"file","isSymbolicLink":false,"fileMetaData":{"size":436,"lastModifiedTime":1727348308782}}]},{"hashValue":"47a6d10f638b4062f10106ed78b0aad2","name":"pages","path":"F:\\demon2\\entry\\src\\main\\ets\\pages","type":"directory","isSymbolicLink":false,"children":[{"hashValue":"c3b938e54819f86cfff9bdffd7b63870","name":"Index.ets","path":"F:\\demon2\\entry\\src\\main\\ets\\pages\\Index.ets","type":"file","isSymbolicLink":false,"fileMetaData":{"size":1421,"lastModifiedTime":1727349569463}}]}]},"F:\\demon2\\entry\\build\\default\\intermediates\\hap_metadata\\default\\output_metadata.json":{"hashValue":"414c631f2cfa1f0d894b2156b05b5a3d","name":"output_metadata.json","path":"F:\\demon2\\entry\\build\\default\\intermediates\\hap_metadata\\default\\output_metadata.json","type":"file","isSymbolicLink":false,"fileMetaData":{"size":100,"lastModifiedTime":1727433095188}},"F:\\demon2\\entry\\build\\default\\intermediates\\merge_profile\\default\\module.json":{"hashValue":"f2f9deaed54099cc2228c640ef0d44c1","name":"module.json","path":"F:\\demon2\\entry\\build\\default\\intermediates\\merge_profile\\default\\module.json","type":"file","isSymbolicLink":false,"fileMetaData":{"size":1545,"lastModifiedTime":1727433095202}},"F:\\demon2\\entry\\build\\default\\generated\\profile\\default\\BuildProfile.ets":{"hashValue":"a8d567747f8671dae207a049bd8d0391","name":"BuildProfile.ets","path":"F:\\demon2\\entry\\build\\default\\generated\\profile\\default\\BuildProfile.ets","type":"file","isSymbolicLink":false,"fileMetaData":{"size":861,"lastModifiedTime":1727433095211}},"F:\\demon2\\entry\\build\\default\\intermediates\\loader\\default\\pkgContextInfo.json":{"hashValue":"a0048414a664efa6148cc9d98f4d8033","name":"pkgContextInfo.json","path":"F:\\demon2\\entry\\build\\default\\intermediates\\loader\\default\\pkgContextInfo.json","type":"file","isSymbolicLink":false,"fileMetaData":{"size":444,"lastModifiedTime":1727433095229}},"F:\\demon2\\build\\cache\\default\\integrated_hsp\\integratedHspCache.json":{"hashValue":"","name":"emptyroot","path":"","type":"unknown","isSymbolicLink":false,"children":[]},"F:\\demon2\\entry\\src\\main\\resources\\base\\profile\\backup_config.json":{"hashValue":"ebfe9b707275bb9905ea76be26e5125f","name":"backup_config.json","path":"F:\\demon2\\entry\\src\\main\\resources\\base\\profile\\backup_config.json","type":"file","isSymbolicLink":false,"fileMetaData":{"size":36,"lastModifiedTime":1727348304711}},"F:\\demon2\\entry\\build\\default\\outputs\\default\\pack.info":{"hashValue":"da72c7773d54c6c77689cccc7c9a8b5e","name":"pack.info","path":"F:\\demon2\\entry\\build\\default\\outputs\\default\\pack.info","type":"file","isSymbolicLink":false,"fileMetaData":{"size":635,"lastModifiedTime":1727433095249}},"F:\\demon2\\entry\\build\\default\\intermediates\\process_profile\\default\\module.json":{"hashValue":"5dad41beba5329e12d1397b63dbf47f1","name":"module.json","path":"F:\\demon2\\entry\\build\\default\\intermediates\\process_profile\\default\\module.json","type":"file","isSymbolicLink":false,"fileMetaData":{"size":1631,"lastModifiedTime":1727433095377}},"F:\\huawei harmony\\DevEco Studio\\sdk\\default\\openharmony\\toolchains\\syscap_tool.exe":{"hashValue":"c2275bc8cf68da594110a74a2a246ad9","name":"syscap_tool.exe","path":"F:\\huawei harmony\\DevEco Studio\\sdk\\default\\openharmony\\toolchains\\syscap_tool.exe","type":"file","isSymbolicLink":false,"fileMetaData":{"size":343552,"lastModifiedTime":1725460209000}},"F:\\huawei harmony\\DevEco Studio\\sdk\\default\\openharmony\\ets\\api\\device-define":{"hashValue":"507e990b88411d4aa56194ab28279b86","name":"device-define","path":"F:\\huawei harmony\\DevEco Studio\\sdk\\default\\openharmony\\ets\\api\\device-define","type":"directory","isSymbolicLink":false,"children":[{"hashValue":"a50cdcb6392f41fc53795eb0cde9a2c5","name":"default.json","path":"F:\\huawei harmony\\DevEco Studio\\sdk\\default\\openharmony\\ets\\api\\device-define\\default.json","type":"file","isSymbolicLink":false,"fileMetaData":{"size":12253,"lastModifiedTime":1725460209000}},{"hashValue":"51ed342d578952d92bbe35ef6f0099dd","name":"liteWearable.json","path":"F:\\huawei harmony\\DevEco Studio\\sdk\\default\\openharmony\\ets\\api\\device-define\\liteWearable.json","type":"file","isSymbolicLink":false,"fileMetaData":{"size":883,"lastModifiedTime":1725460209000}},{"hashValue":"836847222622931126fc7497c6a7c1ab","name":"tablet.json","path":"F:\\huawei harmony\\DevEco Studio\\sdk\\default\\openharmony\\ets\\api\\device-define\\tablet.json","type":"file","isSymbolicLink":false,"fileMetaData":{"size":11820,"lastModifiedTime":1725460209000}}]},"F:\\demon2\\entry\\build\\default\\intermediates\\syscap\\default\\rpcid.sc":{"hashValue":"","name":"emptyroot","path":"","type":"unknown","isSymbolicLink":false,"children":[]},"F:\\demon2\\entry\\build\\default\\intermediates\\router_map\\default\\temp-router-map.json":{"hashValue":"a85bf053df8150c1e44e813e4a3aef25","name":"temp-router-map.json","path":"F:\\demon2\\entry\\build\\default\\intermediates\\router_map\\default\\temp-router-map.json","type":"file","isSymbolicLink":false,"fileMetaData":{"size":16,"lastModifiedTime":1727433095398}},"F:\\demon2\\entry\\build\\default\\intermediates\\router_map\\default\\loader-router-map.json":{"hashValue":"fb479b2b00c7e734f1f5f1c572bcabed","name":"loader-router-map.json","path":"F:\\demon2\\entry\\build\\default\\intermediates\\router_map\\default\\loader-router-map.json","type":"file","isSymbolicLink":false,"fileMetaData":{"size":16,"lastModifiedTime":1727433095399}},"F:\\demon2\\entry\\build\\default\\intermediates\\res\\default\\resConfig.json":{"hashValue":"ade84b4fdb4a05e0a3f4955b19741a58","name":"resConfig.json","path":"F:\\demon2\\entry\\build\\default\\intermediates\\res\\default\\resConfig.json","type":"file","isSymbolicLink":false,"fileMetaData":{"size":767,"lastModifiedTime":1727433095415}},"F:\\demon2\\entry\\build\\default\\intermediates\\loader\\default\\loader.json":{"hashValue":"ea40c7fc5c1185215e5c939cba2009a3","name":"loader.json","path":"F:\\demon2\\entry\\build\\default\\intermediates\\loader\\default\\loader.json","type":"file","isSymbolicLink":false,"fileMetaData":{"size":779,"lastModifiedTime":1727433095447}},"F:\\demon2\\entry\\build\\default\\intermediates\\libs\\default":{"hashValue":"","name":"default","path":"F:\\demon2\\entry\\build\\default\\intermediates\\libs\\default","type":"directory","isSymbolicLink":false,"children":[]},"F:\\demon2\\AppScope\\resources":{"hashValue":"739741bee4b4f0a77085db2a04a4a9a1","name":"resources","path":"F:\\demon2\\AppScope\\resources","type":"directory","isSymbolicLink":false,"children":[{"hashValue":"1be6426e17556dc4f35194920caf012d","name":"base","path":"F:\\demon2\\AppScope\\resources\\base","type":"directory","isSymbolicLink":false,"children":[{"hashValue":"f487ddc9eccf7ae73bb016e318b5e607","name":"element","path":"F:\\demon2\\AppScope\\resources\\base\\element","type":"directory","isSymbolicLink":false,"children":[{"hashValue":"d994c3eaa5b7e8169718bba1a733a283","name":"string.json","path":"F:\\demon2\\AppScope\\resources\\base\\element\\string.json","type":"file","isSymbolicLink":false,"fileMetaData":{"size":92,"lastModifiedTime":1727348304378}}]},{"hashValue":"99a6c0438f34b07962d58c34070e8b4d","name":"media","path":"F:\\demon2\\AppScope\\resources\\base\\media","type":"directory","isSymbolicLink":false,"children":[{"hashValue":"a031d47d17889731d482a736757168b1","name":"app_icon.png","path":"F:\\demon2\\AppScope\\resources\\base\\media\\app_icon.png","type":"file","isSymbolicLink":false,"fileMetaData":{"size":2777,"lastModifiedTime":1727348304368}}]}]}]},"F:\\demon2\\entry\\build\\default\\intermediates\\res\\default":{"hashValue":"92bae78ef97ce5d6afd39607dcfe4d69","name":"default","path":"F:\\demon2\\entry\\build\\default\\intermediates\\res\\default","type":"directory","isSymbolicLink":false,"children":[{"hashValue":"29f068998532401d33ed29b1a47b811b","name":"ids_map","path":"F:\\demon2\\entry\\build\\default\\intermediates\\res\\default\\ids_map","type":"directory","isSymbolicLink":false,"children":[{"hashValue":"5f2ca2e4d8fa795082856bce53385118","name":"id_defined.json","path":"F:\\demon2\\entry\\build\\default\\intermediates\\res\\default\\ids_map\\id_defined.json","type":"file","isSymbolicLink":false,"fileMetaData":{"size":1012,"lastModifiedTime":1727433095591}}]},{"hashValue":"671038683f9797f1e18e4cbe8c428126","name":"module.json","path":"F:\\demon2\\entry\\build\\default\\intermediates\\res\\default\\module.json","type":"file","isSymbolicLink":false,"fileMetaData":{"size":1811,"lastModifiedTime":1727433095583}},{"hashValue":"ade84b4fdb4a05e0a3f4955b19741a58","name":"resConfig.json","path":"F:\\demon2\\entry\\build\\default\\intermediates\\res\\default\\resConfig.json","type":"file","isSymbolicLink":false,"fileMetaData":{"size":767,"lastModifiedTime":1727433095415}},{"hashValue":"551df0893ce5cd24ce71797523ca7e3d","name":"resources","path":"F:\\demon2\\entry\\build\\default\\intermediates\\res\\default\\resources","type":"directory","isSymbolicLink":false,"children":[{"hashValue":"488e3377eeed986cda49a2c823e04651","name":"base","path":"F:\\demon2\\entry\\build\\default\\intermediates\\res\\default\\resources\\base","type":"directory","isSymbolicLink":false,"children":[{"hashValue":"50fb5f6c9cff72b2a185a26f698b5a98","name":"media","path":"F:\\demon2\\entry\\build\\default\\intermediates\\res\\default\\resources\\base\\media","type":"directory","isSymbolicLink":false,"children":[{"hashValue":"a031d47d17889731d482a736757168b1","name":"app_icon.png","path":"F:\\demon2\\entry\\build\\default\\intermediates\\res\\default\\resources\\base\\media\\app_icon.png","type":"file","isSymbolicLink":false,"fileMetaData":{"size":2777,"lastModifiedTime":1727348304368}},{"hashValue":"0f9614796c87afed44cf14568297e9c0","name":"background.png","path":"F:\\demon2\\entry\\build\\default\\intermediates\\res\\default\\resources\\base\\media\\background.png","type":"file","isSymbolicLink":false,"fileMetaData":{"size":57364,"lastModifiedTime":1727348304618}},{"hashValue":"570f4f9d07740d37c4b5ef91c64dd1d4","name":"compass.png","path":"F:\\demon2\\entry\\build\\default\\intermediates\\res\\default\\resources\\base\\media\\compass.png","type":"file","isSymbolicLink":false,"fileMetaData":{"size":67955,"lastModifiedTime":1650764062000}},{"hashValue":"82f0a6e8aeb746ece9baa12629e01d4a","name":"foreground.png","path":"F:\\demon2\\entry\\build\\default\\intermediates\\res\\default\\resources\\base\\media\\foreground.png","type":"file","isSymbolicLink":false,"fileMetaData":{"size":12430,"lastModifiedTime":1727348304629}},{"hashValue":"bbbf972276110f2dd0247e14fc4ef3ec","name":"layered_image.json","path":"F:\\demon2\\entry\\build\\default\\intermediates\\res\\default\\resources\\base\\media\\layered_image.json","type":"file","isSymbolicLink":false,"fileMetaData":{"size":95,"lastModifiedTime":1727433095579}},{"hashValue":"a345574f7f9c7bb09f3bd18da6cb3bb8","name":"startIcon.png","path":"F:\\demon2\\entry\\build\\default\\intermediates\\res\\default\\resources\\base\\media\\startIcon.png","type":"file","isSymbolicLink":false,"fileMetaData":{"size":20093,"lastModifiedTime":1727348304654}}]},{"hashValue":"a0ef4af454a6a824b1d8cd9c6c6dea19","name":"profile","path":"F:\\demon2\\entry\\build\\default\\intermediates\\res\\default\\resources\\base\\profile","type":"directory","isSymbolicLink":false,"children":[{"hashValue":"ebfe9b707275bb9905ea76be26e5125f","name":"backup_config.json","path":"F:\\demon2\\entry\\build\\default\\intermediates\\res\\default\\resources\\base\\profile\\backup_config.json","type":"file","isSymbolicLink":false,"fileMetaData":{"size":36,"lastModifiedTime":1727348304711}},{"hashValue":"b399ba62dfc2698700442fe28be4fcac","name":"main_pages.json","path":"F:\\demon2\\entry\\build\\default\\intermediates\\res\\default\\resources\\base\\profile\\main_pages.json","type":"file","isSymbolicLink":false,"fileMetaData":{"size":37,"lastModifiedTime":1727348304677}}]}]},{"hashValue":"","name":"rawfile","path":"F:\\demon2\\entry\\build\\default\\intermediates\\res\\default\\resources\\rawfile","type":"directory","isSymbolicLink":false,"children":[]}]},{"hashValue":"a40159ea7b4ead5af30d747edcef8c98","name":"resources.index","path":"F:\\demon2\\entry\\build\\default\\intermediates\\res\\default\\resources.index","type":"file","isSymbolicLink":false,"fileMetaData":{"size":1415,"lastModifiedTime":1727433095590}},{"hashValue":"ac725ef380452cb754232099359777ef","name":"ResourceTable.txt","path":"F:\\demon2\\entry\\build\\default\\intermediates\\res\\default\\ResourceTable.txt","type":"file","isSymbolicLink":false,"fileMetaData":{"size":398,"lastModifiedTime":1727433095581}}]},"F:\\demon2\\entry\\build\\default\\generated\\r\\default\\ResourceTable.h":{"hashValue":"39542c557edcf89984be1e95cc411ad8","name":"ResourceTable.h","path":"F:\\demon2\\entry\\build\\default\\generated\\r\\default\\ResourceTable.h","type":"file","isSymbolicLink":false,"fileMetaData":{"size":1325,"lastModifiedTime":1727433095581}},"F:\\demon2\\entry\\build\\default\\generated\\r\\default":{"hashValue":"4ccdcd570d555780b83fb272834505b6","name":"default","path":"F:\\demon2\\entry\\build\\default\\generated\\r\\default","type":"directory","isSymbolicLink":false,"children":[{"hashValue":"39542c557edcf89984be1e95cc411ad8","name":"ResourceTable.h","path":"F:\\demon2\\entry\\build\\default\\generated\\r\\default\\ResourceTable.h","type":"file","isSymbolicLink":false,"fileMetaData":{"size":1325,"lastModifiedTime":1727433095581}}]},"F:\\demon2\\entry\\build\\default\\intermediates\\loader\\default":{"hashValue":"0cacef8a9412f227b58d5570f0a2d8f1","name":"default","path":"F:\\demon2\\entry\\build\\default\\intermediates\\loader\\default","type":"directory","isSymbolicLink":false,"children":[{"hashValue":"ea40c7fc5c1185215e5c939cba2009a3","name":"loader.json","path":"F:\\demon2\\entry\\build\\default\\intermediates\\loader\\default\\loader.json","type":"file","isSymbolicLink":false,"fileMetaData":{"size":779,"lastModifiedTime":1727433095447}},{"hashValue":"a0048414a664efa6148cc9d98f4d8033","name":"pkgContextInfo.json","path":"F:\\demon2\\entry\\build\\default\\intermediates\\loader\\default\\pkgContextInfo.json","type":"file","isSymbolicLink":false,"fileMetaData":{"size":444,"lastModifiedTime":1727433095229}}]},"F:\\demon2\\entry\\build\\default\\intermediates\\res\\default\\resources\\rawfile":{"hashValue":"","name":"rawfile","path":"F:\\demon2\\entry\\build\\default\\intermediates\\res\\default\\resources\\rawfile","type":"directory","isSymbolicLink":false,"children":[]},"F:\\demon2\\entry\\build\\default\\intermediates\\res\\default\\ResourceTable.txt":{"hashValue":"ac725ef380452cb754232099359777ef","name":"ResourceTable.txt","path":"F:\\demon2\\entry\\build\\default\\intermediates\\res\\default\\ResourceTable.txt","type":"file","isSymbolicLink":false,"fileMetaData":{"size":398,"lastModifiedTime":1727433095581}},"F:\\demon2\\entry\\build\\default\\intermediates\\res\\default\\module.json":{"hashValue":"671038683f9797f1e18e4cbe8c428126","name":"module.json","path":"F:\\demon2\\entry\\build\\default\\intermediates\\res\\default\\module.json","type":"file","isSymbolicLink":false,"fileMetaData":{"size":1811,"lastModifiedTime":1727433095583}},"F:\\demon2\\entry\\build\\default\\intermediates\\res\\default\\resources\\base\\profile":{"hashValue":"a0ef4af454a6a824b1d8cd9c6c6dea19","name":"profile","path":"F:\\demon2\\entry\\build\\default\\intermediates\\res\\default\\resources\\base\\profile","type":"directory","isSymbolicLink":false,"children":[{"hashValue":"ebfe9b707275bb9905ea76be26e5125f","name":"backup_config.json","path":"F:\\demon2\\entry\\build\\default\\intermediates\\res\\default\\resources\\base\\profile\\backup_config.json","type":"file","isSymbolicLink":false,"fileMetaData":{"size":36,"lastModifiedTime":1727348304711}},{"hashValue":"b399ba62dfc2698700442fe28be4fcac","name":"main_pages.json","path":"F:\\demon2\\entry\\build\\default\\intermediates\\res\\default\\resources\\base\\profile\\main_pages.json","type":"file","isSymbolicLink":false,"fileMetaData":{"size":37,"lastModifiedTime":1727348304677}}]},"F:\\demon2\\entry\\build\\default\\intermediates\\loader_out\\default\\ets":{"hashValue":"ffd1da46c8512952d0d16db2c485edcf","name":"ets","path":"F:\\demon2\\entry\\build\\default\\intermediates\\loader_out\\default\\ets","type":"directory","isSymbolicLink":false,"children":[{"hashValue":"efde2e86ff8ca65e63892e8d2ce0c8d7","name":"modules.abc","path":"F:\\demon2\\entry\\build\\default\\intermediates\\loader_out\\default\\ets\\modules.abc","type":"file","isSymbolicLink":false,"fileMetaData":{"size":12112,"lastModifiedTime":1727433104196}},{"hashValue":"dc946665e106cd6a1e2b582946d6317a","name":"sourceMaps.map","path":"F:\\demon2\\entry\\build\\default\\intermediates\\loader_out\\default\\ets\\sourceMaps.map","type":"file","isSymbolicLink":false,"fileMetaData":{"size":3553,"lastModifiedTime":1727433104149}}]},"F:\\demon2\\entry\\build\\default\\intermediates\\loader_out\\default\\js":{"hashValue":"","name":"emptyroot","path":"","type":"unknown","isSymbolicLink":false,"children":[]},"F:\\demon2\\entry\\build\\default\\intermediates\\stripped_native_libs\\default":{"hashValue":"","name":"default","path":"F:\\demon2\\entry\\build\\default\\intermediates\\stripped_native_libs\\default","type":"directory","isSymbolicLink":false,"children":[]},"F:\\demon2\\entry\\build\\default\\intermediates\\patch\\default\\base_native_libs.json":{"hashValue":"888bc0c6b6dc435e96191284a73a3b9d","name":"base_native_libs.json","path":"F:\\demon2\\entry\\build\\default\\intermediates\\patch\\default\\base_native_libs.json","type":"file","isSymbolicLink":false,"fileMetaData":{"size":25,"lastModifiedTime":1727433098685}},"F:\\demon2\\entry\\build\\default\\intermediates\\package\\default\\module.json":{"hashValue":"671038683f9797f1e18e4cbe8c428126","name":"module.json","path":"F:\\demon2\\entry\\build\\default\\intermediates\\package\\default\\module.json","type":"file","isSymbolicLink":false,"fileMetaData":{"size":1811,"lastModifiedTime":1727433095583}},"F:\\demon2\\entry\\build\\default\\intermediates\\res\\default\\resources":{"hashValue":"551df0893ce5cd24ce71797523ca7e3d","name":"resources","path":"F:\\demon2\\entry\\build\\default\\intermediates\\res\\default\\resources","type":"directory","isSymbolicLink":false,"children":[{"hashValue":"488e3377eeed986cda49a2c823e04651","name":"base","path":"F:\\demon2\\entry\\build\\default\\intermediates\\res\\default\\resources\\base","type":"directory","isSymbolicLink":false,"children":[{"hashValue":"50fb5f6c9cff72b2a185a26f698b5a98","name":"media","path":"F:\\demon2\\entry\\build\\default\\intermediates\\res\\default\\resources\\base\\media","type":"directory","isSymbolicLink":false,"children":[{"hashValue":"a031d47d17889731d482a736757168b1","name":"app_icon.png","path":"F:\\demon2\\entry\\build\\default\\intermediates\\res\\default\\resources\\base\\media\\app_icon.png","type":"file","isSymbolicLink":false,"fileMetaData":{"size":2777,"lastModifiedTime":1727348304368}},{"hashValue":"0f9614796c87afed44cf14568297e9c0","name":"background.png","path":"F:\\demon2\\entry\\build\\default\\intermediates\\res\\default\\resources\\base\\media\\background.png","type":"file","isSymbolicLink":false,"fileMetaData":{"size":57364,"lastModifiedTime":1727348304618}},{"hashValue":"570f4f9d07740d37c4b5ef91c64dd1d4","name":"compass.png","path":"F:\\demon2\\entry\\build\\default\\intermediates\\res\\default\\resources\\base\\media\\compass.png","type":"file","isSymbolicLink":false,"fileMetaData":{"size":67955,"lastModifiedTime":1650764062000}},{"hashValue":"82f0a6e8aeb746ece9baa12629e01d4a","name":"foreground.png","path":"F:\\demon2\\entry\\build\\default\\intermediates\\res\\default\\resources\\base\\media\\foreground.png","type":"file","isSymbolicLink":false,"fileMetaData":{"size":12430,"lastModifiedTime":1727348304629}},{"hashValue":"bbbf972276110f2dd0247e14fc4ef3ec","name":"layered_image.json","path":"F:\\demon2\\entry\\build\\default\\intermediates\\res\\default\\resources\\base\\media\\layered_image.json","type":"file","isSymbolicLink":false,"fileMetaData":{"size":95,"lastModifiedTime":1727433095579}},{"hashValue":"a345574f7f9c7bb09f3bd18da6cb3bb8","name":"startIcon.png","path":"F:\\demon2\\entry\\build\\default\\intermediates\\res\\default\\resources\\base\\media\\startIcon.png","type":"file","isSymbolicLink":false,"fileMetaData":{"size":20093,"lastModifiedTime":1727348304654}}]},{"hashValue":"a0ef4af454a6a824b1d8cd9c6c6dea19","name":"profile","path":"F:\\demon2\\entry\\build\\default\\intermediates\\res\\default\\resources\\base\\profile","type":"directory","isSymbolicLink":false,"children":[{"hashValue":"ebfe9b707275bb9905ea76be26e5125f","name":"backup_config.json","path":"F:\\demon2\\entry\\build\\default\\intermediates\\res\\default\\resources\\base\\profile\\backup_config.json","type":"file","isSymbolicLink":false,"fileMetaData":{"size":36,"lastModifiedTime":1727348304711}},{"hashValue":"b399ba62dfc2698700442fe28be4fcac","name":"main_pages.json","path":"F:\\demon2\\entry\\build\\default\\intermediates\\res\\default\\resources\\base\\profile\\main_pages.json","type":"file","isSymbolicLink":false,"fileMetaData":{"size":37,"lastModifiedTime":1727348304677}}]}]},{"hashValue":"","name":"rawfile","path":"F:\\demon2\\entry\\build\\default\\intermediates\\res\\default\\resources\\rawfile","type":"directory","isSymbolicLink":false,"children":[]}]},"F:\\demon2\\entry\\build\\default\\intermediates\\res\\default\\resources.index":{"hashValue":"a40159ea7b4ead5af30d747edcef8c98","name":"resources.index","path":"F:\\demon2\\entry\\build\\default\\intermediates\\res\\default\\resources.index","type":"file","isSymbolicLink":false,"fileMetaData":{"size":1415,"lastModifiedTime":1727433095590}},"F:\\demon2\\entry\\build\\default\\outputs\\default\\entry-default-unsigned.hap":{"hashValue":"f83c41dfd1905d9e62af4c8b585dd88c","name":"entry-default-unsigned.hap","path":"F:\\demon2\\entry\\build\\default\\outputs\\default\\entry-default-unsigned.hap","type":"file","isSymbolicLink":false,"fileMetaData":{"size":182245,"lastModifiedTime":1727433104629}},"F:\\demon2\\entry\\build\\default\\outputs\\default\\mapping\\sourceMaps.map":{"hashValue":"dc946665e106cd6a1e2b582946d6317a","name":"sourceMaps.map","path":"F:\\demon2\\entry\\build\\default\\outputs\\default\\mapping\\sourceMaps.map","type":"file","isSymbolicLink":false,"fileMetaData":{"size":3553,"lastModifiedTime":1727433104149}},"F:\\demon2\\entry\\build\\default\\outputs\\default\\entry-default-signed.hap":{"hashValue":"","name":"emptyroot","path":"","type":"unknown","isSymbolicLink":false,"children":[]}}