{"CACHE_SYNC_FILE_HASH":{"F:\\demo3\\entry\\build-profile.json5":"93a5c60db94795130cfeb1e7cb734bf8ad32c3b2bd3d51823c887941c8635a93","F:\\demo3\\hvigorfile.ts":"aacb3703a1cc89ca4eec4aaffed25d70195b80caec7f0e628cbadc25d4dd4219","F:\\demo3\\entry\\hvigorfile.ts":"5526cbb7ba60b4071e81fa3d897c28906658e46f9002464b8c65045c3bdcd158","F:\\demo3\\.hvigor\\outputs\\sync\\output.json":"ca756f26e39a39870b95689c68086020630fc1eae229ed9d31fb431035a29a7f","F:\\demo3\\build-profile.json5":"8ce74da2eb428b21db3dec0b298636ac5f3c62f3ac0eb8f4c0e96069bf2e2575","F:\\demo3\\hvigor\\hvigor-config.json5":"cc9d0aea60ff0d43f5c2fc10124158df216ea8d6a2f6973334f545ec5243d6b6","F:\\demo3\\entry\\oh-package.json5":"db5df1f4294a257ea71c9555165c665ad9b4098d6b574d0edccbffc4016eab22","SDK_LOCATION":"F:/huawei harmony/DevEco Studio/sdk","F:\\demo3\\oh-package.json5":"c3db37ccedb796acb2dadfc6fcce7c088be70213d63af84d187e8cc4157406a3"},"OHPM_INSTALL_FILE_HASH":{"F:\\demo3\\entry\\oh_modules":false,"F:\\demo3\\entry\\oh-package.json5":"db5df1f4294a257ea71c9555165c665ad9b4098d6b574d0edccbffc4016eab22","F:\\demo3\\oh_modules":true,"F:\\demo3\\oh-package.json5":"c3db37ccedb796acb2dadfc6fcce7c088be70213d63af84d187e8cc4157406a3"}}