{"CACHE_SYNC_FILE_HASH":{"F:\\demo4client\\hvigorfile.ts":"3066f3af3c9a86cf8dc483698fb56953603f0363369acbc077bc7278c61203f0","F:\\demo4client\\entry\\hvigorfile.ts":"560dc7deccc041f98646df8898b8a86d45b69ff646b74d04a6e4e43d41536544","F:\\demo4client\\entry\\build-profile.json5":"422cc85828c80fecf534ade79895f71e404cf75d07e82a890c265c47344d295b","F:\\demo4client\\entry\\oh-package.json5":"9cc843ece0576afff4718e084dcb54effdf811647266b86e71880fc1193d0781","F:\\demo4client\\.hvigor\\outputs\\sync\\output.json":"e00d84c949a559dee374b0b35d1ec472074c47e09f5b480d8ccbdfd26b609179","F:\\demo4client\\hvigor\\hvigor-config.json5":"8c20c81242062dd24158dd096753a5df73382519b9e1ef2db442bfa7c70388a7","F:\\demo4client\\oh-package.json5":"0f1ed08dd2ac6ff2d2532ce5aace8c29037d18c4b4d61e6a9b2bb2853152ff14","F:\\demo4client\\build-profile.json5":"66ab389287342b0773bcdd0563722208d13c253857022d01d12b56294d50eb97","SDK_LOCATION":"F:/huawei harmony/DevEco Studio/sdk"},"OHPM_INSTALL_FILE_HASH":{"F:\\demo4client\\entry\\oh_modules":false,"F:\\demo4client\\entry\\oh-package.json5":"9cc843ece0576afff4718e084dcb54effdf811647266b86e71880fc1193d0781","F:\\demo4client\\oh-package.json5":"0f1ed08dd2ac6ff2d2532ce5aace8c29037d18c4b4d61e6a9b2bb2853152ff14","F:\\demo4client\\oh_modules":true}}