{
  "HVIGOR_OHOS_PLUGIN": {
    "MODULES": [
      {
        "MODULE_NAME": "1043bfc77febe75fafec0c4309faccf1",
        "API_TYPE": "stageMode",
        "INCREMENTAL_TASKS": {
          "COMPILE_ARKTS": true
        }
      }
    ],
    "BUILD_MODE": "debug"
  },
  "HVIGOR": {
    "IS_INCREMENTAL": true,
    "IS_DAEMON": true,
    "IS_PARALLEL": true,
    "IS_HVIGORFILE_TYPE_CHECK": false,
    "TASK_TIME": {
      "1043bfc77febe75fafec0c4309faccf1": {
        "ConfigureCmake": 155000,
        "PreCheckSyscap": 210600,
        "ProcessIntegratedHsp": 2390400,
        "BuildNativeWithCmake": 190100,
        "SyscapTransform": 4411300,
        "BuildNativeWithNinja": 1058800,
        "BuildJS": 7037000,
        "CompileArkTS": 1073556500,
        "PackageHap": 601339900,
        "SignHap": 1995400,
        "assembleHap": 174800
      }
    },
    "TOTAL_TIME": 2041585800,
    "BUILD_ID": "202409271824260880"
  }
}