{"deviceType":"phone","checkEntry":"true","localPropertiesPath":"F:\\demo3\\local.properties","Path":"F:\\huawei harmony\\DevEco Studio\\tools\\node\\","note":"false","aceProfilePath":"F:\\demo3\\entry\\.preview\\default\\intermediates\\res\\default\\resources\\base\\profile","isPreview":"true","hapMode":"false","buildMode":"debug","img2bin":"true","projectProfilePath":"F:\\demo3\\build-profile.json5","watchMode":"true","appResource":"F:\\demo3\\entry\\.preview\\default\\intermediates\\res\\default\\ResourceTable.txt","logLevel":"3","stageRouterConfig":{"contents":["{\"module\":{\"pages\":\"$profile:main_pages\",\"name\":\"entry\"}}","{\"src\":[\"pages/Index\"]}"],"paths":["F:\\demo3\\entry\\.preview\\default\\intermediates\\res\\default\\module.json","F:\\demo3\\entry\\.preview\\default\\intermediates\\res\\default\\resources\\base\\profile\\main_pages.json"]},"port":"29903","aceBuildJson":"F:\\demo3\\entry\\.preview\\default\\intermediates\\loader\\default\\loader.json","aceModuleRoot":"F:\\demo3\\entry\\src\\main\\ets","aceSoPath":"F:\\demo3\\entry\\.preview\\cache\\nativeDependencies.txt","cachePath":"F:\\demo3\\entry\\.preview\\cache\\.default","aceModuleBuild":"F:\\demo3\\entry\\.preview\\default\\intermediates\\assets\\default\\ets","aceModuleJsonPath":"F:\\demo3\\entry\\.preview\\default\\intermediates\\res\\default\\module.json"}