{"D:\\Huawei\\demo\\AppScope\\app.json5":{"hashValue":"2536c35c3e7a0437e3e2bc0341273458","name":"app.json5","path":"D:\\Huawei\\demo\\AppScope\\app.json5","type":"file","isSymbolicLink":false,"fileMetaData":{"size":212,"lastModifiedTime":1727430264772}},"D:\\Huawei\\demo\\entry\\src\\main\\module.json5":{"hashValue":"ef7ff3ffd7376e63fe681133a6b0e329","name":"module.json5","path":"D:\\Huawei\\demo\\entry\\src\\main\\module.json5","type":"file","isSymbolicLink":false,"fileMetaData":{"size":1397,"lastModifiedTime":1727430326188}},"D:\\Huawei\\demo\\build-profile.json5":{"hashValue":"3c163789f7c2c7d24da10c41543e950b","name":"build-profile.json5","path":"D:\\Huawei\\demo\\build-profile.json5","type":"file","isSymbolicLink":false,"fileMetaData":{"size":756,"lastModifiedTime":1727430266138}},"D:\\Huawei\\demo\\entry\\build-profile.json5":{"hashValue":"0ff91ba15363242eea068487afbb9546","name":"build-profile.json5","path":"D:\\Huawei\\demo\\entry\\build-profile.json5","type":"file","isSymbolicLink":false,"fileMetaData":{"size":555,"lastModifiedTime":1727430306985}},"D:\\Huawei\\demo\\entry\\src\\main\\ets\\workers\\MyWorker.ets":{"hashValue":"0eb9c06dedec92eccc55dae97c439e54","name":"MyWorker.ets","path":"D:\\Huawei\\demo\\entry\\src\\main\\ets\\workers\\MyWorker.ets","type":"file","isSymbolicLink":false,"fileMetaData":{"size":4269,"lastModifiedTime":1727430347135}},"D:\\Huawei\\demo\\entry\\src\\main\\resources\\base\\profile\\main_pages.json":{"hashValue":"7daeae5c716e07c212a2e13407332254","name":"main_pages.json","path":"D:\\Huawei\\demo\\entry\\src\\main\\resources\\base\\profile\\main_pages.json","type":"file","isSymbolicLink":false,"fileMetaData":{"size":37,"lastModifiedTime":1727430262508}},"D:\\Huawei\\demo\\hvigor\\hvigor-config.json5":{"hashValue":"b0ecc28aff0d2f421dadb5b370c9f20d","name":"hvigor-config.json5","path":"D:\\Huawei\\demo\\hvigor\\hvigor-config.json5","type":"file","isSymbolicLink":false,"fileMetaData":{"size":1323,"lastModifiedTime":1727430262031}},"D:\\Huawei\\demo\\entry\\src\\mock\\mock-config.json5":{"hashValue":"5dcc1d5c62828daf9b8c5da40b475ab2","name":"mock-config.json5","path":"D:\\Huawei\\demo\\entry\\src\\mock\\mock-config.json5","type":"file","isSymbolicLink":false,"fileMetaData":{"size":3,"lastModifiedTime":1727430262376}},"D:\\Huawei\\demo\\entry\\oh-package.json5":{"hashValue":"cda93b9d0f10fc351ca11ae4798ac32c","name":"oh-package.json5","path":"D:\\Huawei\\demo\\entry\\oh-package.json5","type":"file","isSymbolicLink":false,"fileMetaData":{"size":183,"lastModifiedTime":1727430262122}},"D:\\Huawei\\demo\\entry\\build\\default\\intermediates\\hap_metadata\\default\\output_metadata.json":{"hashValue":"e9a46ece544d5e59d2f3c9ec01088ef5","name":"output_metadata.json","path":"D:\\Huawei\\demo\\entry\\build\\default\\intermediates\\hap_metadata\\default\\output_metadata.json","type":"file","isSymbolicLink":false,"fileMetaData":{"size":84,"lastModifiedTime":1727430448441}},"D:\\Huawei\\demo\\entry\\build\\default\\intermediates\\merge_profile\\default\\module.json":{"hashValue":"90219836260c00debdc5f00065de7756","name":"module.json","path":"D:\\Huawei\\demo\\entry\\build\\default\\intermediates\\merge_profile\\default\\module.json","type":"file","isSymbolicLink":false,"fileMetaData":{"size":1605,"lastModifiedTime":1727430448459}},"D:\\Huawei\\demo\\entry\\build\\default\\generated\\profile\\default\\BuildProfile.ets":{"hashValue":"dedf06507ab59a54bc4e7b4d8ad7ea55","name":"BuildProfile.ets","path":"D:\\Huawei\\demo\\entry\\build\\default\\generated\\profile\\default\\BuildProfile.ets","type":"file","isSymbolicLink":false,"fileMetaData":{"size":860,"lastModifiedTime":1727430448469}},"D:\\Huawei\\demo\\entry\\build\\default\\intermediates\\loader\\default\\pkgContextInfo.json":{"hashValue":"4d5a0eeafd8ca0f097c6d153882aa2f7","name":"pkgContextInfo.json","path":"D:\\Huawei\\demo\\entry\\build\\default\\intermediates\\loader\\default\\pkgContextInfo.json","type":"file","isSymbolicLink":false,"fileMetaData":{"size":444,"lastModifiedTime":1727430448519}},"D:\\Huawei\\demo\\entry\\src\\main\\resources\\base\\profile\\backup_config.json":{"hashValue":"98db490bf75e7a5dd0122d30538e22ca","name":"backup_config.json","path":"D:\\Huawei\\demo\\entry\\src\\main\\resources\\base\\profile\\backup_config.json","type":"file","isSymbolicLink":false,"fileMetaData":{"size":36,"lastModifiedTime":1727430262556}},"D:\\Huawei\\demo\\entry\\build\\default\\outputs\\default\\pack.info":{"hashValue":"ff0fbcfa952c78f94ee553948edd287c","name":"pack.info","path":"D:\\Huawei\\demo\\entry\\build\\default\\outputs\\default\\pack.info","type":"file","isSymbolicLink":false,"fileMetaData":{"size":602,"lastModifiedTime":1727430448554}},"D:\\Huawei\\demo\\entry\\build\\default\\intermediates\\process_profile\\default\\module.json":{"hashValue":"d46fcd516f5e710188ab864e60ef0531","name":"module.json","path":"D:\\Huawei\\demo\\entry\\build\\default\\intermediates\\process_profile\\default\\module.json","type":"file","isSymbolicLink":false,"fileMetaData":{"size":1691,"lastModifiedTime":1727430449120}},"D:\\Program Files\\Huawei\\DevEco Studio\\sdk\\default\\openharmony\\toolchains\\syscap_tool.exe":{"hashValue":"c2275bc8cf68da594110a74a2a246ad9","name":"syscap_tool.exe","path":"D:\\Program Files\\Huawei\\DevEco Studio\\sdk\\default\\openharmony\\toolchains\\syscap_tool.exe","type":"file","isSymbolicLink":false,"fileMetaData":{"size":343552,"lastModifiedTime":1725460209000}},"D:\\Program Files\\Huawei\\DevEco Studio\\sdk\\default\\openharmony\\ets\\api\\device-define":{"hashValue":"507e990b88411d4aa56194ab28279b86","name":"device-define","path":"D:\\Program Files\\Huawei\\DevEco Studio\\sdk\\default\\openharmony\\ets\\api\\device-define","type":"directory","isSymbolicLink":false,"children":[{"hashValue":"a50cdcb6392f41fc53795eb0cde9a2c5","name":"default.json","path":"D:\\Program Files\\Huawei\\DevEco Studio\\sdk\\default\\openharmony\\ets\\api\\device-define\\default.json","type":"file","isSymbolicLink":false,"fileMetaData":{"size":12253,"lastModifiedTime":1725460209000}},{"hashValue":"51ed342d578952d92bbe35ef6f0099dd","name":"liteWearable.json","path":"D:\\Program Files\\Huawei\\DevEco Studio\\sdk\\default\\openharmony\\ets\\api\\device-define\\liteWearable.json","type":"file","isSymbolicLink":false,"fileMetaData":{"size":883,"lastModifiedTime":1725460209000}},{"hashValue":"836847222622931126fc7497c6a7c1ab","name":"tablet.json","path":"D:\\Program Files\\Huawei\\DevEco Studio\\sdk\\default\\openharmony\\ets\\api\\device-define\\tablet.json","type":"file","isSymbolicLink":false,"fileMetaData":{"size":11820,"lastModifiedTime":1725460209000}}]},"D:\\Huawei\\demo\\oh-package.json5":{"hashValue":"c02baf6d4349d28103a1dd023db421c9","name":"oh-package.json5","path":"D:\\Huawei\\demo\\oh-package.json5","type":"file","isSymbolicLink":false,"fileMetaData":{"size":210,"lastModifiedTime":1727430266118}},"D:\\Huawei\\demo\\entry\\build\\default\\intermediates\\router_map\\default\\temp-router-map.json":{"hashValue":"72f4a0d3b57fb49f5cb8211c886be533","name":"temp-router-map.json","path":"D:\\Huawei\\demo\\entry\\build\\default\\intermediates\\router_map\\default\\temp-router-map.json","type":"file","isSymbolicLink":false,"fileMetaData":{"size":16,"lastModifiedTime":1727430449140}},"D:\\Huawei\\demo\\entry\\build\\default\\intermediates\\router_map\\default\\loader-router-map.json":{"hashValue":"9371cc58038f9aaf462f08f09f8355a4","name":"loader-router-map.json","path":"D:\\Huawei\\demo\\entry\\build\\default\\intermediates\\router_map\\default\\loader-router-map.json","type":"file","isSymbolicLink":false,"fileMetaData":{"size":16,"lastModifiedTime":1727430449141}},"D:\\Huawei\\demo\\entry\\build\\default\\intermediates\\res\\default\\resConfig.json":{"hashValue":"1be44e8119d62a9534c7bd087728eb20","name":"resConfig.json","path":"D:\\Huawei\\demo\\entry\\build\\default\\intermediates\\res\\default\\resConfig.json","type":"file","isSymbolicLink":false,"fileMetaData":{"size":815,"lastModifiedTime":1727430449159}},"D:\\Huawei\\demo\\entry\\build\\default\\intermediates\\loader\\default\\loader.json":{"hashValue":"6e37aecb6637509c1cb6329454529fdd","name":"loader.json","path":"D:\\Huawei\\demo\\entry\\build\\default\\intermediates\\loader\\default\\loader.json","type":"file","isSymbolicLink":false,"fileMetaData":{"size":898,"lastModifiedTime":1727430449190}},"D:\\Huawei\\demo\\entry\\build\\default\\intermediates\\libs\\default":{"hashValue":"","name":"default","path":"D:\\Huawei\\demo\\entry\\build\\default\\intermediates\\libs\\default","type":"directory","isSymbolicLink":false,"children":[]},"D:\\Huawei\\demo\\entry\\src\\main\\resources":{"hashValue":"32856fb18c8328a6e0ec68d54200c362","name":"resources","path":"D:\\Huawei\\demo\\entry\\src\\main\\resources","type":"directory","isSymbolicLink":false,"children":[{"hashValue":"51cb6aca4b00cfbafdc6a4676456b896","name":"base","path":"D:\\Huawei\\demo\\entry\\src\\main\\resources\\base","type":"directory","isSymbolicLink":false,"children":[{"hashValue":"ce800e829d162e50cccaa0eac0c8e25b","name":"element","path":"D:\\Huawei\\demo\\entry\\src\\main\\resources\\base\\element","type":"directory","isSymbolicLink":false,"children":[{"hashValue":"d257c854d4b4c4568e4d2548aa7a496a","name":"color.json","path":"D:\\Huawei\\demo\\entry\\src\\main\\resources\\base\\element\\color.json","type":"file","isSymbolicLink":false,"fileMetaData":{"size":105,"lastModifiedTime":1727430262450}},{"hashValue":"06b7c2f11194b173b703113cffbb8836","name":"string.json","path":"D:\\Huawei\\demo\\entry\\src\\main\\resources\\base\\element\\string.json","type":"file","isSymbolicLink":false,"fileMetaData":{"size":247,"lastModifiedTime":1727430266133}}]},{"hashValue":"4690eb618b31fa271feeb02edaf3ee71","name":"media","path":"D:\\Huawei\\demo\\entry\\src\\main\\resources\\base\\media","type":"directory","isSymbolicLink":false,"children":[{"hashValue":"6746fce37634d7eb0bad53573fde8fc4","name":"background.png","path":"D:\\Huawei\\demo\\entry\\src\\main\\resources\\base\\media\\background.png","type":"file","isSymbolicLink":false,"fileMetaData":{"size":57364,"lastModifiedTime":1727430262461}},{"hashValue":"d539fa543438c4e78cfa92177c795a3d","name":"foreground.png","path":"D:\\Huawei\\demo\\entry\\src\\main\\resources\\base\\media\\foreground.png","type":"file","isSymbolicLink":false,"fileMetaData":{"size":12430,"lastModifiedTime":1727430262467}},{"hashValue":"549cdc82f1044182dd8951c61362849c","name":"layered_image.json","path":"D:\\Huawei\\demo\\entry\\src\\main\\resources\\base\\media\\layered_image.json","type":"file","isSymbolicLink":false,"fileMetaData":{"size":109,"lastModifiedTime":1727430262473}},{"hashValue":"c1e832b228acf7aad3047954b3c22164","name":"startIcon.png","path":"D:\\Huawei\\demo\\entry\\src\\main\\resources\\base\\media\\startIcon.png","type":"file","isSymbolicLink":false,"fileMetaData":{"size":20093,"lastModifiedTime":1727430262484}}]},{"hashValue":"7e5288a65e9a4e0495660eb72c824d88","name":"profile","path":"D:\\Huawei\\demo\\entry\\src\\main\\resources\\base\\profile","type":"directory","isSymbolicLink":false,"children":[{"hashValue":"98db490bf75e7a5dd0122d30538e22ca","name":"backup_config.json","path":"D:\\Huawei\\demo\\entry\\src\\main\\resources\\base\\profile\\backup_config.json","type":"file","isSymbolicLink":false,"fileMetaData":{"size":36,"lastModifiedTime":1727430262556}},{"hashValue":"7daeae5c716e07c212a2e13407332254","name":"main_pages.json","path":"D:\\Huawei\\demo\\entry\\src\\main\\resources\\base\\profile\\main_pages.json","type":"file","isSymbolicLink":false,"fileMetaData":{"size":37,"lastModifiedTime":1727430262508}}]}]},{"hashValue":"1a0fef3c33c70ea7eb4fea7b579235bb","name":"en_US","path":"D:\\Huawei\\demo\\entry\\src\\main\\resources\\en_US","type":"directory","isSymbolicLink":false,"children":[{"hashValue":"c8e20d6837f4fe12e0cce926769fbad2","name":"element","path":"D:\\Huawei\\demo\\entry\\src\\main\\resources\\en_US\\element","type":"directory","isSymbolicLink":false,"children":[{"hashValue":"32acd759414c441b073fd62fae5cfc59","name":"string.json","path":"D:\\Huawei\\demo\\entry\\src\\main\\resources\\en_US\\element\\string.json","type":"file","isSymbolicLink":false,"fileMetaData":{"size":247,"lastModifiedTime":1727430266110}}]}]},{"hashValue":"","name":"rawfile","path":"D:\\Huawei\\demo\\entry\\src\\main\\resources\\rawfile","type":"directory","isSymbolicLink":false,"children":[]},{"hashValue":"fcc4047445ff42a268d623581175f6d6","name":"zh_CN","path":"D:\\Huawei\\demo\\entry\\src\\main\\resources\\zh_CN","type":"directory","isSymbolicLink":false,"children":[{"hashValue":"e81544fe58e8c2694c68af0480446984","name":"element","path":"D:\\Huawei\\demo\\entry\\src\\main\\resources\\zh_CN\\element","type":"directory","isSymbolicLink":false,"children":[{"hashValue":"6865602ec743c36632ca3ddce4b7bf6f","name":"string.json","path":"D:\\Huawei\\demo\\entry\\src\\main\\resources\\zh_CN\\element\\string.json","type":"file","isSymbolicLink":false,"fileMetaData":{"size":241,"lastModifiedTime":1727430266163}}]}]}]},"D:\\Huawei\\demo\\AppScope\\resources":{"hashValue":"1c781f4a97917054e2d04dd404dbff33","name":"resources","path":"D:\\Huawei\\demo\\AppScope\\resources","type":"directory","isSymbolicLink":false,"children":[{"hashValue":"6ee218cf259675f58325906faf6018e1","name":"base","path":"D:\\Huawei\\demo\\AppScope\\resources\\base","type":"directory","isSymbolicLink":false,"children":[{"hashValue":"efed3e295e890e9d2eadaf8d0679d2d5","name":"element","path":"D:\\Huawei\\demo\\AppScope\\resources\\base\\element","type":"directory","isSymbolicLink":false,"children":[{"hashValue":"136105a5b64525999be63a1b083b75aa","name":"string.json","path":"D:\\Huawei\\demo\\AppScope\\resources\\base\\element\\string.json","type":"file","isSymbolicLink":false,"fileMetaData":{"size":91,"lastModifiedTime":1727430262080}}]},{"hashValue":"373fa1c2c7fa64bb4750fdb6b26e2873","name":"media","path":"D:\\Huawei\\demo\\AppScope\\resources\\base\\media","type":"directory","isSymbolicLink":false,"children":[{"hashValue":"4e7a53451ed6e2df976e8943d3ab988b","name":"app_icon.png","path":"D:\\Huawei\\demo\\AppScope\\resources\\base\\media\\app_icon.png","type":"file","isSymbolicLink":false,"fileMetaData":{"size":2777,"lastModifiedTime":1727430262063}}]}]}]},"D:\\Huawei\\demo\\entry\\build\\default\\intermediates\\res\\default":{"hashValue":"5574f210b0af940b088fee4c77a143cc","name":"default","path":"D:\\Huawei\\demo\\entry\\build\\default\\intermediates\\res\\default","type":"directory","isSymbolicLink":false,"children":[{"hashValue":"e7f775a1c18dd2682c8fb7ccedb0970f","name":"ids_map","path":"D:\\Huawei\\demo\\entry\\build\\default\\intermediates\\res\\default\\ids_map","type":"directory","isSymbolicLink":false,"children":[{"hashValue":"01dd653b9eb7832815ab666bcea9710a","name":"id_defined.json","path":"D:\\Huawei\\demo\\entry\\build\\default\\intermediates\\res\\default\\ids_map\\id_defined.json","type":"file","isSymbolicLink":false,"fileMetaData":{"size":941,"lastModifiedTime":1727430449472}}]},{"hashValue":"9ced09872d66c669b7c0b9140f608d5b","name":"module.json","path":"D:\\Huawei\\demo\\entry\\build\\default\\intermediates\\res\\default\\module.json","type":"file","isSymbolicLink":false,"fileMetaData":{"size":1870,"lastModifiedTime":1727430449470}},{"hashValue":"1be44e8119d62a9534c7bd087728eb20","name":"resConfig.json","path":"D:\\Huawei\\demo\\entry\\build\\default\\intermediates\\res\\default\\resConfig.json","type":"file","isSymbolicLink":false,"fileMetaData":{"size":815,"lastModifiedTime":1727430449159}},{"hashValue":"bf63eb5236fa3c7b2d6927d6fd932ea7","name":"resources","path":"D:\\Huawei\\demo\\entry\\build\\default\\intermediates\\res\\default\\resources","type":"directory","isSymbolicLink":false,"children":[{"hashValue":"9ab70c36951ca15e477d9d1b5b4bf760","name":"base","path":"D:\\Huawei\\demo\\entry\\build\\default\\intermediates\\res\\default\\resources\\base","type":"directory","isSymbolicLink":false,"children":[{"hashValue":"f70297e8d600b23df596f35b320e9687","name":"media","path":"D:\\Huawei\\demo\\entry\\build\\default\\intermediates\\res\\default\\resources\\base\\media","type":"directory","isSymbolicLink":false,"children":[{"hashValue":"4e7a53451ed6e2df976e8943d3ab988b","name":"app_icon.png","path":"D:\\Huawei\\demo\\entry\\build\\default\\intermediates\\res\\default\\resources\\base\\media\\app_icon.png","type":"file","isSymbolicLink":false,"fileMetaData":{"size":2777,"lastModifiedTime":1727430262063}},{"hashValue":"6746fce37634d7eb0bad53573fde8fc4","name":"background.png","path":"D:\\Huawei\\demo\\entry\\build\\default\\intermediates\\res\\default\\resources\\base\\media\\background.png","type":"file","isSymbolicLink":false,"fileMetaData":{"size":57364,"lastModifiedTime":1727430262461}},{"hashValue":"d539fa543438c4e78cfa92177c795a3d","name":"foreground.png","path":"D:\\Huawei\\demo\\entry\\build\\default\\intermediates\\res\\default\\resources\\base\\media\\foreground.png","type":"file","isSymbolicLink":false,"fileMetaData":{"size":12430,"lastModifiedTime":1727430262467}},{"hashValue":"d3305abd5d3fb027debb5d05d8ac4e8b","name":"layered_image.json","path":"D:\\Huawei\\demo\\entry\\build\\default\\intermediates\\res\\default\\resources\\base\\media\\layered_image.json","type":"file","isSymbolicLink":false,"fileMetaData":{"size":95,"lastModifiedTime":1727430449467}},{"hashValue":"c1e832b228acf7aad3047954b3c22164","name":"startIcon.png","path":"D:\\Huawei\\demo\\entry\\build\\default\\intermediates\\res\\default\\resources\\base\\media\\startIcon.png","type":"file","isSymbolicLink":false,"fileMetaData":{"size":20093,"lastModifiedTime":1727430262484}}]},{"hashValue":"7e5288a65e9a4e0495660eb72c824d88","name":"profile","path":"D:\\Huawei\\demo\\entry\\build\\default\\intermediates\\res\\default\\resources\\base\\profile","type":"directory","isSymbolicLink":false,"children":[{"hashValue":"98db490bf75e7a5dd0122d30538e22ca","name":"backup_config.json","path":"D:\\Huawei\\demo\\entry\\build\\default\\intermediates\\res\\default\\resources\\base\\profile\\backup_config.json","type":"file","isSymbolicLink":false,"fileMetaData":{"size":36,"lastModifiedTime":1727430262556}},{"hashValue":"7daeae5c716e07c212a2e13407332254","name":"main_pages.json","path":"D:\\Huawei\\demo\\entry\\build\\default\\intermediates\\res\\default\\resources\\base\\profile\\main_pages.json","type":"file","isSymbolicLink":false,"fileMetaData":{"size":37,"lastModifiedTime":1727430262508}}]}]},{"hashValue":"","name":"rawfile","path":"D:\\Huawei\\demo\\entry\\build\\default\\intermediates\\res\\default\\resources\\rawfile","type":"directory","isSymbolicLink":false,"children":[]}]},{"hashValue":"e5ad11d450e5db544b4f6906427e5318","name":"resources.index","path":"D:\\Huawei\\demo\\entry\\build\\default\\intermediates\\res\\default\\resources.index","type":"file","isSymbolicLink":false,"fileMetaData":{"size":1343,"lastModifiedTime":1727430449471}},{"hashValue":"07e73df97facac7a980801b796c400f6","name":"ResourceTable.txt","path":"D:\\Huawei\\demo\\entry\\build\\default\\intermediates\\res\\default\\ResourceTable.txt","type":"file","isSymbolicLink":false,"fileMetaData":{"size":373,"lastModifiedTime":1727430449468}}]},"D:\\Huawei\\demo\\entry\\build\\default\\generated\\r\\default\\ResourceTable.h":{"hashValue":"57d2d0dd8c4525f8e8b61ef77430d6cf","name":"ResourceTable.h","path":"D:\\Huawei\\demo\\entry\\build\\default\\generated\\r\\default\\ResourceTable.h","type":"file","isSymbolicLink":false,"fileMetaData":{"size":1283,"lastModifiedTime":1727430449468}},"D:\\Huawei\\demo\\entry\\build\\default\\generated\\r\\default":{"hashValue":"e079fea44028ebdff223970bb1c1e79c","name":"default","path":"D:\\Huawei\\demo\\entry\\build\\default\\generated\\r\\default","type":"directory","isSymbolicLink":false,"children":[{"hashValue":"57d2d0dd8c4525f8e8b61ef77430d6cf","name":"ResourceTable.h","path":"D:\\Huawei\\demo\\entry\\build\\default\\generated\\r\\default\\ResourceTable.h","type":"file","isSymbolicLink":false,"fileMetaData":{"size":1283,"lastModifiedTime":1727430449468}}]},"D:\\Huawei\\demo\\entry\\build\\default\\intermediates\\loader\\default":{"hashValue":"34baf50682cad692af5d8d911f54cc1b","name":"default","path":"D:\\Huawei\\demo\\entry\\build\\default\\intermediates\\loader\\default","type":"directory","isSymbolicLink":false,"children":[{"hashValue":"6e37aecb6637509c1cb6329454529fdd","name":"loader.json","path":"D:\\Huawei\\demo\\entry\\build\\default\\intermediates\\loader\\default\\loader.json","type":"file","isSymbolicLink":false,"fileMetaData":{"size":898,"lastModifiedTime":1727430449190}},{"hashValue":"4d5a0eeafd8ca0f097c6d153882aa2f7","name":"pkgContextInfo.json","path":"D:\\Huawei\\demo\\entry\\build\\default\\intermediates\\loader\\default\\pkgContextInfo.json","type":"file","isSymbolicLink":false,"fileMetaData":{"size":444,"lastModifiedTime":1727430448519}}]},"D:\\Huawei\\demo\\entry\\build\\default\\intermediates\\res\\default\\resources\\rawfile":{"hashValue":"","name":"rawfile","path":"D:\\Huawei\\demo\\entry\\build\\default\\intermediates\\res\\default\\resources\\rawfile","type":"directory","isSymbolicLink":false,"children":[]},"D:\\Huawei\\demo\\entry\\build\\default\\intermediates\\res\\default\\ResourceTable.txt":{"hashValue":"07e73df97facac7a980801b796c400f6","name":"ResourceTable.txt","path":"D:\\Huawei\\demo\\entry\\build\\default\\intermediates\\res\\default\\ResourceTable.txt","type":"file","isSymbolicLink":false,"fileMetaData":{"size":373,"lastModifiedTime":1727430449468}},"D:\\Huawei\\demo\\entry\\build\\default\\intermediates\\res\\default\\module.json":{"hashValue":"9ced09872d66c669b7c0b9140f608d5b","name":"module.json","path":"D:\\Huawei\\demo\\entry\\build\\default\\intermediates\\res\\default\\module.json","type":"file","isSymbolicLink":false,"fileMetaData":{"size":1870,"lastModifiedTime":1727430449470}},"D:\\Huawei\\demo\\entry\\build\\default\\intermediates\\res\\default\\resources\\base\\profile":{"hashValue":"7e5288a65e9a4e0495660eb72c824d88","name":"profile","path":"D:\\Huawei\\demo\\entry\\build\\default\\intermediates\\res\\default\\resources\\base\\profile","type":"directory","isSymbolicLink":false,"children":[{"hashValue":"98db490bf75e7a5dd0122d30538e22ca","name":"backup_config.json","path":"D:\\Huawei\\demo\\entry\\build\\default\\intermediates\\res\\default\\resources\\base\\profile\\backup_config.json","type":"file","isSymbolicLink":false,"fileMetaData":{"size":36,"lastModifiedTime":1727430262556}},{"hashValue":"7daeae5c716e07c212a2e13407332254","name":"main_pages.json","path":"D:\\Huawei\\demo\\entry\\build\\default\\intermediates\\res\\default\\resources\\base\\profile\\main_pages.json","type":"file","isSymbolicLink":false,"fileMetaData":{"size":37,"lastModifiedTime":1727430262508}}]},"D:\\Huawei\\demo\\entry\\src\\main\\ets":{"hashValue":"e04fb8596db462a5af6d7f579994a205","name":"ets","path":"D:\\Huawei\\demo\\entry\\src\\main\\ets","type":"directory","isSymbolicLink":false,"children":[{"hashValue":"dbb56e9fa1de6c577e7ba434246497a9","name":"entryability","path":"D:\\Huawei\\demo\\entry\\src\\main\\ets\\entryability","type":"directory","isSymbolicLink":false,"children":[{"hashValue":"cd003cb1f018a136fd87ac40476cde80","name":"EntryAbility.ets","path":"D:\\Huawei\\demo\\entry\\src\\main\\ets\\entryability\\EntryAbility.ets","type":"file","isSymbolicLink":false,"fileMetaData":{"size":1474,"lastModifiedTime":1727430266145}}]},{"hashValue":"31766e2249bf6dbdba90d7fafe0dc4de","name":"entrybackupability","path":"D:\\Huawei\\demo\\entry\\src\\main\\ets\\entrybackupability","type":"directory","isSymbolicLink":false,"children":[{"hashValue":"8fba4aea1b00a07573c87d54e3d64b17","name":"EntryBackupAbility.ets","path":"D:\\Huawei\\demo\\entry\\src\\main\\ets\\entrybackupability\\EntryBackupAbility.ets","type":"file","isSymbolicLink":false,"fileMetaData":{"size":436,"lastModifiedTime":1727430266126}}]},{"hashValue":"fbb8af6692d97985d557031187b11be3","name":"pages","path":"D:\\Huawei\\demo\\entry\\src\\main\\ets\\pages","type":"directory","isSymbolicLink":false,"children":[{"hashValue":"0988aa6d84b657cdd90385a248a7809d","name":"Index.ets","path":"D:\\Huawei\\demo\\entry\\src\\main\\ets\\pages\\Index.ets","type":"file","isSymbolicLink":false,"fileMetaData":{"size":5076,"lastModifiedTime":1727431016444}}]},{"hashValue":"59bd6f993b85840cfe8bb1cee3239a8c","name":"workers","path":"D:\\Huawei\\demo\\entry\\src\\main\\ets\\workers","type":"directory","isSymbolicLink":false,"children":[{"hashValue":"0eb9c06dedec92eccc55dae97c439e54","name":"MyWorker.ets","path":"D:\\Huawei\\demo\\entry\\src\\main\\ets\\workers\\MyWorker.ets","type":"file","isSymbolicLink":false,"fileMetaData":{"size":4269,"lastModifiedTime":1727430347135}}]}]},"D:\\Huawei\\demo\\entry\\build\\default\\intermediates\\loader_out\\default\\ets":{"hashValue":"962b6c50733a9c88c2201f5bc76d8136","name":"ets","path":"D:\\Huawei\\demo\\entry\\build\\default\\intermediates\\loader_out\\default\\ets","type":"directory","isSymbolicLink":false,"children":[{"hashValue":"83d856054dedcd95dc1b4b572d1593a8","name":"modules.abc","path":"D:\\Huawei\\demo\\entry\\build\\default\\intermediates\\loader_out\\default\\ets\\modules.abc","type":"file","isSymbolicLink":false,"fileMetaData":{"size":21068,"lastModifiedTime":1727431018639}},{"hashValue":"f0f0e83666ff02f61ff78820f3b1c094","name":"sourceMaps.map","path":"D:\\Huawei\\demo\\entry\\build\\default\\intermediates\\loader_out\\default\\ets\\sourceMaps.map","type":"file","isSymbolicLink":false,"fileMetaData":{"size":8947,"lastModifiedTime":1727431018535}}]},"D:\\Huawei\\demo\\entry\\build\\default\\intermediates\\stripped_native_libs\\default":{"hashValue":"","name":"default","path":"D:\\Huawei\\demo\\entry\\build\\default\\intermediates\\stripped_native_libs\\default","type":"directory","isSymbolicLink":false,"children":[]},"D:\\Huawei\\demo\\entry\\build\\default\\intermediates\\patch\\default\\base_native_libs.json":{"hashValue":"50bfa9de83bc8864da54c227caad7fbd","name":"base_native_libs.json","path":"D:\\Huawei\\demo\\entry\\build\\default\\intermediates\\patch\\default\\base_native_libs.json","type":"file","isSymbolicLink":false,"fileMetaData":{"size":25,"lastModifiedTime":1727430452263}},"D:\\Huawei\\demo\\entry\\build\\default\\intermediates\\package\\default\\module.json":{"hashValue":"9ced09872d66c669b7c0b9140f608d5b","name":"module.json","path":"D:\\Huawei\\demo\\entry\\build\\default\\intermediates\\package\\default\\module.json","type":"file","isSymbolicLink":false,"fileMetaData":{"size":1870,"lastModifiedTime":1727430449470}},"D:\\Huawei\\demo\\entry\\build\\default\\intermediates\\res\\default\\resources":{"hashValue":"bf63eb5236fa3c7b2d6927d6fd932ea7","name":"resources","path":"D:\\Huawei\\demo\\entry\\build\\default\\intermediates\\res\\default\\resources","type":"directory","isSymbolicLink":false,"children":[{"hashValue":"9ab70c36951ca15e477d9d1b5b4bf760","name":"base","path":"D:\\Huawei\\demo\\entry\\build\\default\\intermediates\\res\\default\\resources\\base","type":"directory","isSymbolicLink":false,"children":[{"hashValue":"f70297e8d600b23df596f35b320e9687","name":"media","path":"D:\\Huawei\\demo\\entry\\build\\default\\intermediates\\res\\default\\resources\\base\\media","type":"directory","isSymbolicLink":false,"children":[{"hashValue":"4e7a53451ed6e2df976e8943d3ab988b","name":"app_icon.png","path":"D:\\Huawei\\demo\\entry\\build\\default\\intermediates\\res\\default\\resources\\base\\media\\app_icon.png","type":"file","isSymbolicLink":false,"fileMetaData":{"size":2777,"lastModifiedTime":1727430262063}},{"hashValue":"6746fce37634d7eb0bad53573fde8fc4","name":"background.png","path":"D:\\Huawei\\demo\\entry\\build\\default\\intermediates\\res\\default\\resources\\base\\media\\background.png","type":"file","isSymbolicLink":false,"fileMetaData":{"size":57364,"lastModifiedTime":1727430262461}},{"hashValue":"d539fa543438c4e78cfa92177c795a3d","name":"foreground.png","path":"D:\\Huawei\\demo\\entry\\build\\default\\intermediates\\res\\default\\resources\\base\\media\\foreground.png","type":"file","isSymbolicLink":false,"fileMetaData":{"size":12430,"lastModifiedTime":1727430262467}},{"hashValue":"d3305abd5d3fb027debb5d05d8ac4e8b","name":"layered_image.json","path":"D:\\Huawei\\demo\\entry\\build\\default\\intermediates\\res\\default\\resources\\base\\media\\layered_image.json","type":"file","isSymbolicLink":false,"fileMetaData":{"size":95,"lastModifiedTime":1727430449467}},{"hashValue":"c1e832b228acf7aad3047954b3c22164","name":"startIcon.png","path":"D:\\Huawei\\demo\\entry\\build\\default\\intermediates\\res\\default\\resources\\base\\media\\startIcon.png","type":"file","isSymbolicLink":false,"fileMetaData":{"size":20093,"lastModifiedTime":1727430262484}}]},{"hashValue":"7e5288a65e9a4e0495660eb72c824d88","name":"profile","path":"D:\\Huawei\\demo\\entry\\build\\default\\intermediates\\res\\default\\resources\\base\\profile","type":"directory","isSymbolicLink":false,"children":[{"hashValue":"98db490bf75e7a5dd0122d30538e22ca","name":"backup_config.json","path":"D:\\Huawei\\demo\\entry\\build\\default\\intermediates\\res\\default\\resources\\base\\profile\\backup_config.json","type":"file","isSymbolicLink":false,"fileMetaData":{"size":36,"lastModifiedTime":1727430262556}},{"hashValue":"7daeae5c716e07c212a2e13407332254","name":"main_pages.json","path":"D:\\Huawei\\demo\\entry\\build\\default\\intermediates\\res\\default\\resources\\base\\profile\\main_pages.json","type":"file","isSymbolicLink":false,"fileMetaData":{"size":37,"lastModifiedTime":1727430262508}}]}]},{"hashValue":"","name":"rawfile","path":"D:\\Huawei\\demo\\entry\\build\\default\\intermediates\\res\\default\\resources\\rawfile","type":"directory","isSymbolicLink":false,"children":[]}]},"D:\\Huawei\\demo\\entry\\build\\default\\intermediates\\res\\default\\resources.index":{"hashValue":"e5ad11d450e5db544b4f6906427e5318","name":"resources.index","path":"D:\\Huawei\\demo\\entry\\build\\default\\intermediates\\res\\default\\resources.index","type":"file","isSymbolicLink":false,"fileMetaData":{"size":1343,"lastModifiedTime":1727430449471}},"D:\\Huawei\\demo\\entry\\build\\default\\outputs\\default\\entry-default-unsigned.hap":{"hashValue":"eb1399c7de7064842ea2ac7194b3a901","name":"entry-default-unsigned.hap","path":"D:\\Huawei\\demo\\entry\\build\\default\\outputs\\default\\entry-default-unsigned.hap","type":"file","isSymbolicLink":false,"fileMetaData":{"size":128442,"lastModifiedTime":1727431019586}},"D:\\Huawei\\demo\\entry\\build\\default\\outputs\\default\\mapping\\sourceMaps.map":{"hashValue":"f0f0e83666ff02f61ff78820f3b1c094","name":"sourceMaps.map","path":"D:\\Huawei\\demo\\entry\\build\\default\\outputs\\default\\mapping\\sourceMaps.map","type":"file","isSymbolicLink":false,"fileMetaData":{"size":8947,"lastModifiedTime":1727431018535}},"F:\\Demo5\\AppScope\\app.json5":{"hashValue":"27f1b0ecb44208e0ed31c802d642827e","name":"app.json5","path":"F:\\Demo5\\AppScope\\app.json5","type":"file","isSymbolicLink":false,"fileMetaData":{"size":212,"lastModifiedTime":1727430264000}},"F:\\Demo5\\entry\\src\\main\\module.json5":{"hashValue":"fefaccbdb1cabc70b040979c32b9ea89","name":"module.json5","path":"F:\\Demo5\\entry\\src\\main\\module.json5","type":"file","isSymbolicLink":false,"fileMetaData":{"size":1397,"lastModifiedTime":1727430326000}},"F:\\Demo5\\build-profile.json5":{"hashValue":"1f487620c4eec20c67b29b4ef9a39f96","name":"build-profile.json5","path":"F:\\Demo5\\build-profile.json5","type":"file","isSymbolicLink":false,"fileMetaData":{"size":756,"lastModifiedTime":1727430266000}},"F:\\Demo5\\entry\\build-profile.json5":{"hashValue":"cc6c2c1374968c1bc0af3a01912b45d5","name":"build-profile.json5","path":"F:\\Demo5\\entry\\build-profile.json5","type":"file","isSymbolicLink":false,"fileMetaData":{"size":555,"lastModifiedTime":1727430306000}},"F:\\Demo5\\entry\\src\\main\\ets\\workers\\MyWorker.ets":{"hashValue":"98de4875db943814556604068ca4e64a","name":"MyWorker.ets","path":"F:\\Demo5\\entry\\src\\main\\ets\\workers\\MyWorker.ets","type":"file","isSymbolicLink":false,"fileMetaData":{"size":4269,"lastModifiedTime":1727430347000}},"F:\\Demo5\\entry\\src\\main\\resources\\base\\profile\\main_pages.json":{"hashValue":"8aed936577bd888292e29088ea6405df","name":"main_pages.json","path":"F:\\Demo5\\entry\\src\\main\\resources\\base\\profile\\main_pages.json","type":"file","isSymbolicLink":false,"fileMetaData":{"size":37,"lastModifiedTime":1727430262000}},"F:\\Demo5\\hvigor\\hvigor-config.json5":{"hashValue":"b693cf480502f3fad52203a4e8129926","name":"hvigor-config.json5","path":"F:\\Demo5\\hvigor\\hvigor-config.json5","type":"file","isSymbolicLink":false,"fileMetaData":{"size":1323,"lastModifiedTime":1727430262000}},"F:\\Demo5\\entry\\src\\mock\\mock-config.json5":{"hashValue":"80778748dc6cee0e946d6bd5f8c05e01","name":"mock-config.json5","path":"F:\\Demo5\\entry\\src\\mock\\mock-config.json5","type":"file","isSymbolicLink":false,"fileMetaData":{"size":3,"lastModifiedTime":1727430262000}},"F:\\Demo5\\entry\\oh-package.json5":{"hashValue":"e0559f4e4a8b076b71e8c960ee4dcd6a","name":"oh-package.json5","path":"F:\\Demo5\\entry\\oh-package.json5","type":"file","isSymbolicLink":false,"fileMetaData":{"size":183,"lastModifiedTime":1727430262000}},"F:\\Demo5\\entry\\build\\default\\intermediates\\hap_metadata\\default\\output_metadata.json":{"hashValue":"dc3f607bdae0d54e94bea2cf03de1288","name":"output_metadata.json","path":"F:\\Demo5\\entry\\build\\default\\intermediates\\hap_metadata\\default\\output_metadata.json","type":"file","isSymbolicLink":false,"fileMetaData":{"size":84,"lastModifiedTime":1727432978574}},"F:\\Demo5\\entry\\build\\default\\intermediates\\merge_profile\\default\\module.json":{"hashValue":"ff2cba0a34972d77d51e2560d2e74e71","name":"module.json","path":"F:\\Demo5\\entry\\build\\default\\intermediates\\merge_profile\\default\\module.json","type":"file","isSymbolicLink":false,"fileMetaData":{"size":1605,"lastModifiedTime":1727432978594}},"F:\\Demo5\\entry\\build\\default\\generated\\profile\\default\\BuildProfile.ets":{"hashValue":"a6bcf612ab98e88ca2688652ff97542f","name":"BuildProfile.ets","path":"F:\\Demo5\\entry\\build\\default\\generated\\profile\\default\\BuildProfile.ets","type":"file","isSymbolicLink":false,"fileMetaData":{"size":860,"lastModifiedTime":1727432978601}},"F:\\Demo5\\entry\\build\\default\\intermediates\\loader\\default\\pkgContextInfo.json":{"hashValue":"f7d521224a6af9bc74bb5ef8514b6a8a","name":"pkgContextInfo.json","path":"F:\\Demo5\\entry\\build\\default\\intermediates\\loader\\default\\pkgContextInfo.json","type":"file","isSymbolicLink":false,"fileMetaData":{"size":444,"lastModifiedTime":1727432978635}},"F:\\Demo5\\entry\\src\\main\\resources\\base\\profile\\backup_config.json":{"hashValue":"277e2553173a5b8cd30f1a9409ab33df","name":"backup_config.json","path":"F:\\Demo5\\entry\\src\\main\\resources\\base\\profile\\backup_config.json","type":"file","isSymbolicLink":false,"fileMetaData":{"size":36,"lastModifiedTime":1727430262000}},"F:\\Demo5\\entry\\build\\default\\outputs\\default\\pack.info":{"hashValue":"7df74ec519046218f29690cc56365650","name":"pack.info","path":"F:\\Demo5\\entry\\build\\default\\outputs\\default\\pack.info","type":"file","isSymbolicLink":false,"fileMetaData":{"size":602,"lastModifiedTime":1727432978656}},"F:\\Demo5\\entry\\build\\default\\intermediates\\process_profile\\default\\module.json":{"hashValue":"201c2fde96d6d9a20658944c11c2d2eb","name":"module.json","path":"F:\\Demo5\\entry\\build\\default\\intermediates\\process_profile\\default\\module.json","type":"file","isSymbolicLink":false,"fileMetaData":{"size":1691,"lastModifiedTime":1727432978791}},"F:\\huawei harmony\\DevEco Studio\\sdk\\default\\openharmony\\toolchains\\syscap_tool.exe":{"hashValue":"c2275bc8cf68da594110a74a2a246ad9","name":"syscap_tool.exe","path":"F:\\huawei harmony\\DevEco Studio\\sdk\\default\\openharmony\\toolchains\\syscap_tool.exe","type":"file","isSymbolicLink":false,"fileMetaData":{"size":343552,"lastModifiedTime":1725460209000}},"F:\\huawei harmony\\DevEco Studio\\sdk\\default\\openharmony\\ets\\api\\device-define":{"hashValue":"507e990b88411d4aa56194ab28279b86","name":"device-define","path":"F:\\huawei harmony\\DevEco Studio\\sdk\\default\\openharmony\\ets\\api\\device-define","type":"directory","isSymbolicLink":false,"children":[{"hashValue":"a50cdcb6392f41fc53795eb0cde9a2c5","name":"default.json","path":"F:\\huawei harmony\\DevEco Studio\\sdk\\default\\openharmony\\ets\\api\\device-define\\default.json","type":"file","isSymbolicLink":false,"fileMetaData":{"size":12253,"lastModifiedTime":1725460209000}},{"hashValue":"51ed342d578952d92bbe35ef6f0099dd","name":"liteWearable.json","path":"F:\\huawei harmony\\DevEco Studio\\sdk\\default\\openharmony\\ets\\api\\device-define\\liteWearable.json","type":"file","isSymbolicLink":false,"fileMetaData":{"size":883,"lastModifiedTime":1725460209000}},{"hashValue":"836847222622931126fc7497c6a7c1ab","name":"tablet.json","path":"F:\\huawei harmony\\DevEco Studio\\sdk\\default\\openharmony\\ets\\api\\device-define\\tablet.json","type":"file","isSymbolicLink":false,"fileMetaData":{"size":11820,"lastModifiedTime":1725460209000}}]},"F:\\Demo5\\oh-package.json5":{"hashValue":"51c1a44a1e3cd518386b047afd53d915","name":"oh-package.json5","path":"F:\\Demo5\\oh-package.json5","type":"file","isSymbolicLink":false,"fileMetaData":{"size":210,"lastModifiedTime":1727430266000}},"F:\\Demo5\\entry\\build\\default\\intermediates\\router_map\\default\\temp-router-map.json":{"hashValue":"87303eb169ab519f6e0e91dba7a6b811","name":"temp-router-map.json","path":"F:\\Demo5\\entry\\build\\default\\intermediates\\router_map\\default\\temp-router-map.json","type":"file","isSymbolicLink":false,"fileMetaData":{"size":16,"lastModifiedTime":1727432978807}},"F:\\Demo5\\entry\\build\\default\\intermediates\\router_map\\default\\loader-router-map.json":{"hashValue":"ed3a65ab8d2e74a92d592516bb57204d","name":"loader-router-map.json","path":"F:\\Demo5\\entry\\build\\default\\intermediates\\router_map\\default\\loader-router-map.json","type":"file","isSymbolicLink":false,"fileMetaData":{"size":16,"lastModifiedTime":1727432978808}},"F:\\Demo5\\entry\\build\\default\\intermediates\\res\\default\\resConfig.json":{"hashValue":"4b189e1276a3929ee81e883c97578a6d","name":"resConfig.json","path":"F:\\Demo5\\entry\\build\\default\\intermediates\\res\\default\\resConfig.json","type":"file","isSymbolicLink":false,"fileMetaData":{"size":759,"lastModifiedTime":1727432978825}},"F:\\Demo5\\entry\\build\\default\\intermediates\\loader\\default\\loader.json":{"hashValue":"5895357ed99f45866a903533e971be3d","name":"loader.json","path":"F:\\Demo5\\entry\\build\\default\\intermediates\\loader\\default\\loader.json","type":"file","isSymbolicLink":false,"fileMetaData":{"size":856,"lastModifiedTime":1727432978857}},"F:\\Demo5\\entry\\build\\default\\intermediates\\libs\\default":{"hashValue":"","name":"default","path":"F:\\Demo5\\entry\\build\\default\\intermediates\\libs\\default","type":"directory","isSymbolicLink":false,"children":[]},"F:\\Demo5\\entry\\src\\main\\resources":{"hashValue":"1f751acdc31e3f1559364e4f0ed763ee","name":"resources","path":"F:\\Demo5\\entry\\src\\main\\resources","type":"directory","isSymbolicLink":false,"children":[{"hashValue":"608b8ba5427d403d1591671177bac7e2","name":"base","path":"F:\\Demo5\\entry\\src\\main\\resources\\base","type":"directory","isSymbolicLink":false,"children":[{"hashValue":"b1212f89cad9ff0fcc23cf826c4c07d2","name":"element","path":"F:\\Demo5\\entry\\src\\main\\resources\\base\\element","type":"directory","isSymbolicLink":false,"children":[{"hashValue":"8741cd62d7162ee593961386d4919ef1","name":"color.json","path":"F:\\Demo5\\entry\\src\\main\\resources\\base\\element\\color.json","type":"file","isSymbolicLink":false,"fileMetaData":{"size":105,"lastModifiedTime":1727430262000}},{"hashValue":"f10475d88cc33d411eabc8a2c352b270","name":"string.json","path":"F:\\Demo5\\entry\\src\\main\\resources\\base\\element\\string.json","type":"file","isSymbolicLink":false,"fileMetaData":{"size":247,"lastModifiedTime":1727430266000}}]},{"hashValue":"45ac9717e0cb8b06626513b5dd8bcc95","name":"media","path":"F:\\Demo5\\entry\\src\\main\\resources\\base\\media","type":"directory","isSymbolicLink":false,"children":[{"hashValue":"bccb21345cf84556c27b7bacc18e0c0e","name":"background.png","path":"F:\\Demo5\\entry\\src\\main\\resources\\base\\media\\background.png","type":"file","isSymbolicLink":false,"fileMetaData":{"size":57364,"lastModifiedTime":1727430262000}},{"hashValue":"41bfd1a303dabae0242adb72513356b9","name":"foreground.png","path":"F:\\Demo5\\entry\\src\\main\\resources\\base\\media\\foreground.png","type":"file","isSymbolicLink":false,"fileMetaData":{"size":12430,"lastModifiedTime":1727430262000}},{"hashValue":"7179f97443a5f065ccf7a5b07610e8c6","name":"layered_image.json","path":"F:\\Demo5\\entry\\src\\main\\resources\\base\\media\\layered_image.json","type":"file","isSymbolicLink":false,"fileMetaData":{"size":109,"lastModifiedTime":1727430262000}},{"hashValue":"66aeae1266fcc1efe85070d4b98e480b","name":"startIcon.png","path":"F:\\Demo5\\entry\\src\\main\\resources\\base\\media\\startIcon.png","type":"file","isSymbolicLink":false,"fileMetaData":{"size":20093,"lastModifiedTime":1727430262000}}]},{"hashValue":"440081a73ebc5893585118397cab6217","name":"profile","path":"F:\\Demo5\\entry\\src\\main\\resources\\base\\profile","type":"directory","isSymbolicLink":false,"children":[{"hashValue":"277e2553173a5b8cd30f1a9409ab33df","name":"backup_config.json","path":"F:\\Demo5\\entry\\src\\main\\resources\\base\\profile\\backup_config.json","type":"file","isSymbolicLink":false,"fileMetaData":{"size":36,"lastModifiedTime":1727430262000}},{"hashValue":"8aed936577bd888292e29088ea6405df","name":"main_pages.json","path":"F:\\Demo5\\entry\\src\\main\\resources\\base\\profile\\main_pages.json","type":"file","isSymbolicLink":false,"fileMetaData":{"size":37,"lastModifiedTime":1727430262000}}]}]},{"hashValue":"aded6bab5bfd94eb120c2490aa9ad84a","name":"en_US","path":"F:\\Demo5\\entry\\src\\main\\resources\\en_US","type":"directory","isSymbolicLink":false,"children":[{"hashValue":"4eb12a2b9aae4fb065fb70de8fb5d986","name":"element","path":"F:\\Demo5\\entry\\src\\main\\resources\\en_US\\element","type":"directory","isSymbolicLink":false,"children":[{"hashValue":"f10475d88cc33d411eabc8a2c352b270","name":"string.json","path":"F:\\Demo5\\entry\\src\\main\\resources\\en_US\\element\\string.json","type":"file","isSymbolicLink":false,"fileMetaData":{"size":247,"lastModifiedTime":1727430266000}}]}]},{"hashValue":"","name":"rawfile","path":"F:\\Demo5\\entry\\src\\main\\resources\\rawfile","type":"directory","isSymbolicLink":false,"children":[]},{"hashValue":"524a88f90cc073ac72e66dc8a6cc10ca","name":"zh_CN","path":"F:\\Demo5\\entry\\src\\main\\resources\\zh_CN","type":"directory","isSymbolicLink":false,"children":[{"hashValue":"59dee5ef8586484daae6f3571d040e8b","name":"element","path":"F:\\Demo5\\entry\\src\\main\\resources\\zh_CN\\element","type":"directory","isSymbolicLink":false,"children":[{"hashValue":"561d66da2ed3662c7fcc02f673db6697","name":"string.json","path":"F:\\Demo5\\entry\\src\\main\\resources\\zh_CN\\element\\string.json","type":"file","isSymbolicLink":false,"fileMetaData":{"size":241,"lastModifiedTime":1727430266000}}]}]}]},"F:\\Demo5\\AppScope\\resources":{"hashValue":"1d5e704bf41272a4ae3f9af2f40ba3bb","name":"resources","path":"F:\\Demo5\\AppScope\\resources","type":"directory","isSymbolicLink":false,"children":[{"hashValue":"de85319909238259f1e35dad49d79792","name":"base","path":"F:\\Demo5\\AppScope\\resources\\base","type":"directory","isSymbolicLink":false,"children":[{"hashValue":"b9fa7f86533190c44d5bbac671332fa2","name":"element","path":"F:\\Demo5\\AppScope\\resources\\base\\element","type":"directory","isSymbolicLink":false,"children":[{"hashValue":"1de6778c6f8ee488ebec9008c72b1c2a","name":"string.json","path":"F:\\Demo5\\AppScope\\resources\\base\\element\\string.json","type":"file","isSymbolicLink":false,"fileMetaData":{"size":91,"lastModifiedTime":1727430262000}}]},{"hashValue":"bb684d05d7a7095bd13022bc55168e72","name":"media","path":"F:\\Demo5\\AppScope\\resources\\base\\media","type":"directory","isSymbolicLink":false,"children":[{"hashValue":"33c128c6852e9389581c2f4c225c4d7a","name":"app_icon.png","path":"F:\\Demo5\\AppScope\\resources\\base\\media\\app_icon.png","type":"file","isSymbolicLink":false,"fileMetaData":{"size":2777,"lastModifiedTime":1727430262000}}]}]}]},"F:\\Demo5\\entry\\build\\default\\intermediates\\res\\default":{"hashValue":"b49d5c8e7cf4a535bdc9c7e282666297","name":"default","path":"F:\\Demo5\\entry\\build\\default\\intermediates\\res\\default","type":"directory","isSymbolicLink":false,"children":[{"hashValue":"7f0a1d1e0441d85e69916df5e5d4fe62","name":"ids_map","path":"F:\\Demo5\\entry\\build\\default\\intermediates\\res\\default\\ids_map","type":"directory","isSymbolicLink":false,"children":[{"hashValue":"1bf587a7c8e206e821613d727c57c898","name":"id_defined.json","path":"F:\\Demo5\\entry\\build\\default\\intermediates\\res\\default\\ids_map\\id_defined.json","type":"file","isSymbolicLink":false,"fileMetaData":{"size":941,"lastModifiedTime":1727432979027}}]},{"hashValue":"a113601ae2661a20a71a7b5bae114d5f","name":"module.json","path":"F:\\Demo5\\entry\\build\\default\\intermediates\\res\\default\\module.json","type":"file","isSymbolicLink":false,"fileMetaData":{"size":1870,"lastModifiedTime":1727432979018}},{"hashValue":"4b189e1276a3929ee81e883c97578a6d","name":"resConfig.json","path":"F:\\Demo5\\entry\\build\\default\\intermediates\\res\\default\\resConfig.json","type":"file","isSymbolicLink":false,"fileMetaData":{"size":759,"lastModifiedTime":1727432978825}},{"hashValue":"3473b41d926a5cbe9ebfaa455f54696f","name":"resources","path":"F:\\Demo5\\entry\\build\\default\\intermediates\\res\\default\\resources","type":"directory","isSymbolicLink":false,"children":[{"hashValue":"db3e1ea78c497225737a9fefa9761bc0","name":"base","path":"F:\\Demo5\\entry\\build\\default\\intermediates\\res\\default\\resources\\base","type":"directory","isSymbolicLink":false,"children":[{"hashValue":"5777a9f260c0958ece2f674f0a24b44e","name":"media","path":"F:\\Demo5\\entry\\build\\default\\intermediates\\res\\default\\resources\\base\\media","type":"directory","isSymbolicLink":false,"children":[{"hashValue":"33c128c6852e9389581c2f4c225c4d7a","name":"app_icon.png","path":"F:\\Demo5\\entry\\build\\default\\intermediates\\res\\default\\resources\\base\\media\\app_icon.png","type":"file","isSymbolicLink":false,"fileMetaData":{"size":2777,"lastModifiedTime":1727430262000}},{"hashValue":"bccb21345cf84556c27b7bacc18e0c0e","name":"background.png","path":"F:\\Demo5\\entry\\build\\default\\intermediates\\res\\default\\resources\\base\\media\\background.png","type":"file","isSymbolicLink":false,"fileMetaData":{"size":57364,"lastModifiedTime":1727430262000}},{"hashValue":"41bfd1a303dabae0242adb72513356b9","name":"foreground.png","path":"F:\\Demo5\\entry\\build\\default\\intermediates\\res\\default\\resources\\base\\media\\foreground.png","type":"file","isSymbolicLink":false,"fileMetaData":{"size":12430,"lastModifiedTime":1727430262000}},{"hashValue":"9963bbe9863754d37f6a3a716ac69d38","name":"layered_image.json","path":"F:\\Demo5\\entry\\build\\default\\intermediates\\res\\default\\resources\\base\\media\\layered_image.json","type":"file","isSymbolicLink":false,"fileMetaData":{"size":95,"lastModifiedTime":1727432979013}},{"hashValue":"66aeae1266fcc1efe85070d4b98e480b","name":"startIcon.png","path":"F:\\Demo5\\entry\\build\\default\\intermediates\\res\\default\\resources\\base\\media\\startIcon.png","type":"file","isSymbolicLink":false,"fileMetaData":{"size":20093,"lastModifiedTime":1727430262000}}]},{"hashValue":"440081a73ebc5893585118397cab6217","name":"profile","path":"F:\\Demo5\\entry\\build\\default\\intermediates\\res\\default\\resources\\base\\profile","type":"directory","isSymbolicLink":false,"children":[{"hashValue":"277e2553173a5b8cd30f1a9409ab33df","name":"backup_config.json","path":"F:\\Demo5\\entry\\build\\default\\intermediates\\res\\default\\resources\\base\\profile\\backup_config.json","type":"file","isSymbolicLink":false,"fileMetaData":{"size":36,"lastModifiedTime":1727430262000}},{"hashValue":"8aed936577bd888292e29088ea6405df","name":"main_pages.json","path":"F:\\Demo5\\entry\\build\\default\\intermediates\\res\\default\\resources\\base\\profile\\main_pages.json","type":"file","isSymbolicLink":false,"fileMetaData":{"size":37,"lastModifiedTime":1727430262000}}]}]},{"hashValue":"","name":"rawfile","path":"F:\\Demo5\\entry\\build\\default\\intermediates\\res\\default\\resources\\rawfile","type":"directory","isSymbolicLink":false,"children":[]}]},{"hashValue":"2a9b3626da942f8c25bc055def29fc10","name":"resources.index","path":"F:\\Demo5\\entry\\build\\default\\intermediates\\res\\default\\resources.index","type":"file","isSymbolicLink":false,"fileMetaData":{"size":1343,"lastModifiedTime":1727432979027}},{"hashValue":"35e9d89017bcb9ec2eb4e1d4b895539c","name":"ResourceTable.txt","path":"F:\\Demo5\\entry\\build\\default\\intermediates\\res\\default\\ResourceTable.txt","type":"file","isSymbolicLink":false,"fileMetaData":{"size":373,"lastModifiedTime":1727432979015}}]},"F:\\Demo5\\entry\\build\\default\\generated\\r\\default\\ResourceTable.h":{"hashValue":"bc9d2b3688453ec4607bf9a4f0338c51","name":"ResourceTable.h","path":"F:\\Demo5\\entry\\build\\default\\generated\\r\\default\\ResourceTable.h","type":"file","isSymbolicLink":false,"fileMetaData":{"size":1283,"lastModifiedTime":1727432979014}},"F:\\Demo5\\entry\\build\\default\\generated\\r\\default":{"hashValue":"42e6b8de6a3c0173f5d8e7d063d7787a","name":"default","path":"F:\\Demo5\\entry\\build\\default\\generated\\r\\default","type":"directory","isSymbolicLink":false,"children":[{"hashValue":"bc9d2b3688453ec4607bf9a4f0338c51","name":"ResourceTable.h","path":"F:\\Demo5\\entry\\build\\default\\generated\\r\\default\\ResourceTable.h","type":"file","isSymbolicLink":false,"fileMetaData":{"size":1283,"lastModifiedTime":1727432979014}}]},"F:\\Demo5\\entry\\build\\default\\intermediates\\loader\\default":{"hashValue":"bd42936e149db1f210f4129e867fecb7","name":"default","path":"F:\\Demo5\\entry\\build\\default\\intermediates\\loader\\default","type":"directory","isSymbolicLink":false,"children":[{"hashValue":"5895357ed99f45866a903533e971be3d","name":"loader.json","path":"F:\\Demo5\\entry\\build\\default\\intermediates\\loader\\default\\loader.json","type":"file","isSymbolicLink":false,"fileMetaData":{"size":856,"lastModifiedTime":1727432978857}},{"hashValue":"f7d521224a6af9bc74bb5ef8514b6a8a","name":"pkgContextInfo.json","path":"F:\\Demo5\\entry\\build\\default\\intermediates\\loader\\default\\pkgContextInfo.json","type":"file","isSymbolicLink":false,"fileMetaData":{"size":444,"lastModifiedTime":1727432978635}}]},"F:\\Demo5\\entry\\build\\default\\intermediates\\res\\default\\resources\\rawfile":{"hashValue":"","name":"rawfile","path":"F:\\Demo5\\entry\\build\\default\\intermediates\\res\\default\\resources\\rawfile","type":"directory","isSymbolicLink":false,"children":[]},"F:\\Demo5\\entry\\build\\default\\intermediates\\res\\default\\ResourceTable.txt":{"hashValue":"35e9d89017bcb9ec2eb4e1d4b895539c","name":"ResourceTable.txt","path":"F:\\Demo5\\entry\\build\\default\\intermediates\\res\\default\\ResourceTable.txt","type":"file","isSymbolicLink":false,"fileMetaData":{"size":373,"lastModifiedTime":1727432979015}},"F:\\Demo5\\entry\\build\\default\\intermediates\\res\\default\\module.json":{"hashValue":"a113601ae2661a20a71a7b5bae114d5f","name":"module.json","path":"F:\\Demo5\\entry\\build\\default\\intermediates\\res\\default\\module.json","type":"file","isSymbolicLink":false,"fileMetaData":{"size":1870,"lastModifiedTime":1727432979018}},"F:\\Demo5\\entry\\build\\default\\intermediates\\res\\default\\resources\\base\\profile":{"hashValue":"440081a73ebc5893585118397cab6217","name":"profile","path":"F:\\Demo5\\entry\\build\\default\\intermediates\\res\\default\\resources\\base\\profile","type":"directory","isSymbolicLink":false,"children":[{"hashValue":"277e2553173a5b8cd30f1a9409ab33df","name":"backup_config.json","path":"F:\\Demo5\\entry\\build\\default\\intermediates\\res\\default\\resources\\base\\profile\\backup_config.json","type":"file","isSymbolicLink":false,"fileMetaData":{"size":36,"lastModifiedTime":1727430262000}},{"hashValue":"8aed936577bd888292e29088ea6405df","name":"main_pages.json","path":"F:\\Demo5\\entry\\build\\default\\intermediates\\res\\default\\resources\\base\\profile\\main_pages.json","type":"file","isSymbolicLink":false,"fileMetaData":{"size":37,"lastModifiedTime":1727430262000}}]},"F:\\Demo5\\entry\\src\\main\\ets":{"hashValue":"d3d5f3b34698770a8d68fa9106d8a91e","name":"ets","path":"F:\\Demo5\\entry\\src\\main\\ets","type":"directory","isSymbolicLink":false,"children":[{"hashValue":"3d5708cd94dae9b5f9a7663a64df1563","name":"entryability","path":"F:\\Demo5\\entry\\src\\main\\ets\\entryability","type":"directory","isSymbolicLink":false,"children":[{"hashValue":"cc1e165a385817616275542c40af3efd","name":"EntryAbility.ets","path":"F:\\Demo5\\entry\\src\\main\\ets\\entryability\\EntryAbility.ets","type":"file","isSymbolicLink":false,"fileMetaData":{"size":1474,"lastModifiedTime":1727430266000}}]},{"hashValue":"1c3e2a713e4704c02d187dfde36f6639","name":"entrybackupability","path":"F:\\Demo5\\entry\\src\\main\\ets\\entrybackupability","type":"directory","isSymbolicLink":false,"children":[{"hashValue":"31d391e01910e3e906904c605a5aed2e","name":"EntryBackupAbility.ets","path":"F:\\Demo5\\entry\\src\\main\\ets\\entrybackupability\\EntryBackupAbility.ets","type":"file","isSymbolicLink":false,"fileMetaData":{"size":436,"lastModifiedTime":1727430266000}}]},{"hashValue":"facf54c049b2b844dfa652ce543eedab","name":"pages","path":"F:\\Demo5\\entry\\src\\main\\ets\\pages","type":"directory","isSymbolicLink":false,"children":[{"hashValue":"ba7017b35929f9239bf8a5d776e966e2","name":"Index.ets","path":"F:\\Demo5\\entry\\src\\main\\ets\\pages\\Index.ets","type":"file","isSymbolicLink":false,"fileMetaData":{"size":5076,"lastModifiedTime":1727431016000}}]},{"hashValue":"96ccec018daf3d9e2742dfc1be28b038","name":"workers","path":"F:\\Demo5\\entry\\src\\main\\ets\\workers","type":"directory","isSymbolicLink":false,"children":[{"hashValue":"98de4875db943814556604068ca4e64a","name":"MyWorker.ets","path":"F:\\Demo5\\entry\\src\\main\\ets\\workers\\MyWorker.ets","type":"file","isSymbolicLink":false,"fileMetaData":{"size":4269,"lastModifiedTime":1727430347000}}]}]},"F:\\Demo5\\entry\\build\\default\\intermediates\\loader_out\\default\\ets":{"hashValue":"17f7324e5e505866a91b18256a8a56f7","name":"ets","path":"F:\\Demo5\\entry\\build\\default\\intermediates\\loader_out\\default\\ets","type":"directory","isSymbolicLink":false,"children":[{"hashValue":"33abb3d556a5e6863877ecfc0546ca30","name":"modules.abc","path":"F:\\Demo5\\entry\\build\\default\\intermediates\\loader_out\\default\\ets\\modules.abc","type":"file","isSymbolicLink":false,"fileMetaData":{"size":21068,"lastModifiedTime":1727432988459}},{"hashValue":"270ca28df2c3bb74993e67a0f7ea73aa","name":"sourceMaps.map","path":"F:\\Demo5\\entry\\build\\default\\intermediates\\loader_out\\default\\ets\\sourceMaps.map","type":"file","isSymbolicLink":false,"fileMetaData":{"size":8947,"lastModifiedTime":1727432988402}}]},"F:\\Demo5\\entry\\build\\default\\intermediates\\stripped_native_libs\\default":{"hashValue":"","name":"default","path":"F:\\Demo5\\entry\\build\\default\\intermediates\\stripped_native_libs\\default","type":"directory","isSymbolicLink":false,"children":[]},"F:\\Demo5\\entry\\build\\default\\intermediates\\patch\\default\\base_native_libs.json":{"hashValue":"9bf95eafaeb9bac7b4c5f7347193243b","name":"base_native_libs.json","path":"F:\\Demo5\\entry\\build\\default\\intermediates\\patch\\default\\base_native_libs.json","type":"file","isSymbolicLink":false,"fileMetaData":{"size":25,"lastModifiedTime":1727432981985}},"F:\\Demo5\\entry\\build\\default\\intermediates\\package\\default\\module.json":{"hashValue":"a113601ae2661a20a71a7b5bae114d5f","name":"module.json","path":"F:\\Demo5\\entry\\build\\default\\intermediates\\package\\default\\module.json","type":"file","isSymbolicLink":false,"fileMetaData":{"size":1870,"lastModifiedTime":1727432979018}},"F:\\Demo5\\entry\\build\\default\\intermediates\\res\\default\\resources":{"hashValue":"3473b41d926a5cbe9ebfaa455f54696f","name":"resources","path":"F:\\Demo5\\entry\\build\\default\\intermediates\\res\\default\\resources","type":"directory","isSymbolicLink":false,"children":[{"hashValue":"db3e1ea78c497225737a9fefa9761bc0","name":"base","path":"F:\\Demo5\\entry\\build\\default\\intermediates\\res\\default\\resources\\base","type":"directory","isSymbolicLink":false,"children":[{"hashValue":"5777a9f260c0958ece2f674f0a24b44e","name":"media","path":"F:\\Demo5\\entry\\build\\default\\intermediates\\res\\default\\resources\\base\\media","type":"directory","isSymbolicLink":false,"children":[{"hashValue":"33c128c6852e9389581c2f4c225c4d7a","name":"app_icon.png","path":"F:\\Demo5\\entry\\build\\default\\intermediates\\res\\default\\resources\\base\\media\\app_icon.png","type":"file","isSymbolicLink":false,"fileMetaData":{"size":2777,"lastModifiedTime":1727430262000}},{"hashValue":"bccb21345cf84556c27b7bacc18e0c0e","name":"background.png","path":"F:\\Demo5\\entry\\build\\default\\intermediates\\res\\default\\resources\\base\\media\\background.png","type":"file","isSymbolicLink":false,"fileMetaData":{"size":57364,"lastModifiedTime":1727430262000}},{"hashValue":"41bfd1a303dabae0242adb72513356b9","name":"foreground.png","path":"F:\\Demo5\\entry\\build\\default\\intermediates\\res\\default\\resources\\base\\media\\foreground.png","type":"file","isSymbolicLink":false,"fileMetaData":{"size":12430,"lastModifiedTime":1727430262000}},{"hashValue":"9963bbe9863754d37f6a3a716ac69d38","name":"layered_image.json","path":"F:\\Demo5\\entry\\build\\default\\intermediates\\res\\default\\resources\\base\\media\\layered_image.json","type":"file","isSymbolicLink":false,"fileMetaData":{"size":95,"lastModifiedTime":1727432979013}},{"hashValue":"66aeae1266fcc1efe85070d4b98e480b","name":"startIcon.png","path":"F:\\Demo5\\entry\\build\\default\\intermediates\\res\\default\\resources\\base\\media\\startIcon.png","type":"file","isSymbolicLink":false,"fileMetaData":{"size":20093,"lastModifiedTime":1727430262000}}]},{"hashValue":"440081a73ebc5893585118397cab6217","name":"profile","path":"F:\\Demo5\\entry\\build\\default\\intermediates\\res\\default\\resources\\base\\profile","type":"directory","isSymbolicLink":false,"children":[{"hashValue":"277e2553173a5b8cd30f1a9409ab33df","name":"backup_config.json","path":"F:\\Demo5\\entry\\build\\default\\intermediates\\res\\default\\resources\\base\\profile\\backup_config.json","type":"file","isSymbolicLink":false,"fileMetaData":{"size":36,"lastModifiedTime":1727430262000}},{"hashValue":"8aed936577bd888292e29088ea6405df","name":"main_pages.json","path":"F:\\Demo5\\entry\\build\\default\\intermediates\\res\\default\\resources\\base\\profile\\main_pages.json","type":"file","isSymbolicLink":false,"fileMetaData":{"size":37,"lastModifiedTime":1727430262000}}]}]},{"hashValue":"","name":"rawfile","path":"F:\\Demo5\\entry\\build\\default\\intermediates\\res\\default\\resources\\rawfile","type":"directory","isSymbolicLink":false,"children":[]}]},"F:\\Demo5\\entry\\build\\default\\intermediates\\res\\default\\resources.index":{"hashValue":"2a9b3626da942f8c25bc055def29fc10","name":"resources.index","path":"F:\\Demo5\\entry\\build\\default\\intermediates\\res\\default\\resources.index","type":"file","isSymbolicLink":false,"fileMetaData":{"size":1343,"lastModifiedTime":1727432979027}},"F:\\Demo5\\entry\\build\\default\\outputs\\default\\entry-default-unsigned.hap":{"hashValue":"4935d613d455d37c14d0eee1ad5732f6","name":"entry-default-unsigned.hap","path":"F:\\Demo5\\entry\\build\\default\\outputs\\default\\entry-default-unsigned.hap","type":"file","isSymbolicLink":false,"fileMetaData":{"size":128442,"lastModifiedTime":1727432988894}},"F:\\Demo5\\entry\\build\\default\\outputs\\default\\mapping\\sourceMaps.map":{"hashValue":"270ca28df2c3bb74993e67a0f7ea73aa","name":"sourceMaps.map","path":"F:\\Demo5\\entry\\build\\default\\outputs\\default\\mapping\\sourceMaps.map","type":"file","isSymbolicLink":false,"fileMetaData":{"size":8947,"lastModifiedTime":1727432988402}},"F:\\Demo5\\build\\cache\\default\\integrated_hsp\\integratedHspCache.json":{"hashValue":"","name":"emptyroot","path":"","type":"unknown","isSymbolicLink":false,"children":[]},"F:\\Demo5\\entry\\build\\default\\intermediates\\syscap\\default\\rpcid.sc":{"hashValue":"","name":"emptyroot","path":"","type":"unknown","isSymbolicLink":false,"children":[]},"F:\\Demo5\\entry\\build\\default\\intermediates\\loader_out\\default\\js":{"hashValue":"","name":"emptyroot","path":"","type":"unknown","isSymbolicLink":false,"children":[]},"F:\\Demo5\\entry\\build\\default\\outputs\\default\\entry-default-signed.hap":{"hashValue":"","name":"emptyroot","path":"","type":"unknown","isSymbolicLink":false,"children":[]}}