{
  "HVIGOR_OHOS_PLUGIN": {
    "MODULES": [
      {
        "MODULE_NAME": "1043bfc77febe75fafec0c4309faccf1",
        "API_TYPE": "stageMode",
        "INCREMENTAL_TASKS": {
          "COMPILE_ARKTS": true
        }
      }
    ],
    "BUILD_MODE": "debug"
  },
  "HVIGOR": {
    "IS_INCREMENTAL": true,
    "IS_DAEMON": true,
    "IS_PARALLEL": true,
    "IS_HVIGORFILE_TYPE_CHECK": false,
    "TASK_TIME": {
      "1043bfc77febe75fafec0c4309faccf1": {
        "ConfigureCmake": 279400,
        "PreCheckSyscap": 312100,
        "ProcessIntegratedHsp": 4791400,
        "BuildNativeWithCmake": 320700,
        "SyscapTransform": 9366300,
        "BuildNativeWithNinja": 2195700,
        "BuildJS": 10232200,
        "CompileArkTS": 1378556800,
        "PackageHap": 591457000,
        "SignHap": 2599600,
        "assembleHap": 200100
      }
    },
    "TOTAL_TIME": 2604454800,
    "BUILD_ID": "202409271824078880"
  }
}