{"CACHE_SYNC_FILE_HASH":{"F:\\demon2\\build-profile.json5":"377b7a15094be42f228d6f4543c2937b0bca72c729d631741c81bb53b402510a","F:\\demon2\\hvigorfile.ts":"1f910c55f56d98a4e4e4085a6bf604d9f74ab15576b7bc60adc3e5467f8d040f","F:\\demon2\\entry\\build-profile.json5":"b16006c3acec7d6fe33e405a81af14e9469177bc6ceb1bef0d5b3ec7cdd2f5d4","F:\\demon2\\oh-package.json5":"668209f16fa60b281624fab825ced42f2e5d51a610a55e1d28f02cd6a8efa56e","F:\\demon2\\hvigor\\hvigor-config.json5":"ba5bda6cc0dbc5aba3ad9e87b19d9c816921800e79ee623a638763dbcf4a643a","F:\\demon2\\.hvigor\\outputs\\sync\\output.json":"27d4a67acfa7062860230bb31a28b669ab7c2d258abc695fb764785f580512fa","SDK_LOCATION":"F:/huawei harmony/DevEco Studio/sdk","F:\\demon2\\entry\\hvigorfile.ts":"3d5f4fcbfbc1d5bd0f13e1ad7d786bdd77d204c2c919ebdb703490abdc90a632","F:\\demon2\\entry\\oh-package.json5":"1671596ad308c2837772469774da26b6e6ffec692361a7394bc3243a17f25407"},"OHPM_INSTALL_FILE_HASH":{"F:\\demon2\\oh-package.json5":"668209f16fa60b281624fab825ced42f2e5d51a610a55e1d28f02cd6a8efa56e","F:\\demon2\\entry\\oh_modules":false,"F:\\demon2\\oh_modules":true,"F:\\demon2\\entry\\oh-package.json5":"1671596ad308c2837772469774da26b6e6ffec692361a7394bc3243a17f25407"}}