{"F:\\demo4server\\AppScope\\app.json5":{"hashValue":"29a2f492bfb84be923589ba8607c4d6c","name":"app.json5","path":"F:\\demo4server\\AppScope\\app.json5","type":"file","isSymbolicLink":false,"fileMetaData":{"size":218,"lastModifiedTime":1727428613320}},"F:\\demo4server\\entry\\src\\main\\module.json5":{"hashValue":"538f44129829057f97c4c247bb3d5b98","name":"module.json5","path":"F:\\demo4server\\entry\\src\\main\\module.json5","type":"file","isSymbolicLink":false,"fileMetaData":{"size":1473,"lastModifiedTime":1727428857266}},"F:\\demo4server\\build-profile.json5":{"hashValue":"c7dad9fa3eac5db0174ffdf5549cd6a5","name":"build-profile.json5","path":"F:\\demo4server\\build-profile.json5","type":"file","isSymbolicLink":false,"fileMetaData":{"size":756,"lastModifiedTime":1727428613358}},"F:\\demo4server\\entry\\build-profile.json5":{"hashValue":"72b3fb35f288e588622e29e2d82aadbd","name":"build-profile.json5","path":"F:\\demo4server\\entry\\build-profile.json5","type":"file","isSymbolicLink":false,"fileMetaData":{"size":449,"lastModifiedTime":1727428613349}},"F:\\demo4server\\entry\\src\\main\\resources\\base\\profile\\main_pages.json":{"hashValue":"3220f58bb64efd4797b51b5ac300a198","name":"main_pages.json","path":"F:\\demo4server\\entry\\src\\main\\resources\\base\\profile\\main_pages.json","type":"file","isSymbolicLink":false,"fileMetaData":{"size":37,"lastModifiedTime":1727428612694}},"F:\\demo4server\\hvigor\\hvigor-config.json5":{"hashValue":"3fb1cb127687bc33830c3770febdbf89","name":"hvigor-config.json5","path":"F:\\demo4server\\hvigor\\hvigor-config.json5","type":"file","isSymbolicLink":false,"fileMetaData":{"size":1323,"lastModifiedTime":1727428612454}},"F:\\demo4server\\entry\\src\\mock\\mock-config.json5":{"hashValue":"50b9a73df760312fe6d1d17077358b5a","name":"mock-config.json5","path":"F:\\demo4server\\entry\\src\\mock\\mock-config.json5","type":"file","isSymbolicLink":false,"fileMetaData":{"size":3,"lastModifiedTime":1727428612622}},"F:\\demo4server\\entry\\oh-package.json5":{"hashValue":"eded368d97f119a670265f641349df0a","name":"oh-package.json5","path":"F:\\demo4server\\entry\\oh-package.json5","type":"file","isSymbolicLink":false,"fileMetaData":{"size":183,"lastModifiedTime":1727428612509}},"F:\\demo4server\\entry\\build\\default\\intermediates\\hap_metadata\\default\\output_metadata.json":{"hashValue":"e85443f126cebe6cab180e66fe202023","name":"output_metadata.json","path":"F:\\demo4server\\entry\\build\\default\\intermediates\\hap_metadata\\default\\output_metadata.json","type":"file","isSymbolicLink":false,"fileMetaData":{"size":100,"lastModifiedTime":1727429215649}},"F:\\demo4server\\entry\\build\\default\\intermediates\\merge_profile\\default\\module.json":{"hashValue":"a3a619f59c48ccce84f4bfe81c819116","name":"module.json","path":"F:\\demo4server\\entry\\build\\default\\intermediates\\merge_profile\\default\\module.json","type":"file","isSymbolicLink":false,"fileMetaData":{"size":1685,"lastModifiedTime":1727429215672}},"F:\\demo4server\\entry\\build\\default\\generated\\profile\\default\\BuildProfile.ets":{"hashValue":"7220c5c1257ab5b58fdc191fa6d50b16","name":"BuildProfile.ets","path":"F:\\demo4server\\entry\\build\\default\\generated\\profile\\default\\BuildProfile.ets","type":"file","isSymbolicLink":false,"fileMetaData":{"size":866,"lastModifiedTime":1727429215685}},"F:\\demo4server\\entry\\build\\default\\intermediates\\loader\\default\\pkgContextInfo.json":{"hashValue":"759f50c55d1283a8e8d31aee32587027","name":"pkgContextInfo.json","path":"F:\\demo4server\\entry\\build\\default\\intermediates\\loader\\default\\pkgContextInfo.json","type":"file","isSymbolicLink":false,"fileMetaData":{"size":444,"lastModifiedTime":1727429215721}},"F:\\demo4server\\entry\\src\\main\\resources\\base\\profile\\backup_config.json":{"hashValue":"7062d624e3ab399478250bf9c2b26055","name":"backup_config.json","path":"F:\\demo4server\\entry\\src\\main\\resources\\base\\profile\\backup_config.json","type":"file","isSymbolicLink":false,"fileMetaData":{"size":36,"lastModifiedTime":1727428612725}},"F:\\demo4server\\entry\\build\\default\\outputs\\default\\pack.info":{"hashValue":"d65a94d157252e7fac39b661c67460a4","name":"pack.info","path":"F:\\demo4server\\entry\\build\\default\\outputs\\default\\pack.info","type":"file","isSymbolicLink":false,"fileMetaData":{"size":640,"lastModifiedTime":1727429215752}},"F:\\demo4server\\entry\\build\\default\\intermediates\\process_profile\\default\\module.json":{"hashValue":"9d6b8e5216a4b5dc36e7f378c11f4229","name":"module.json","path":"F:\\demo4server\\entry\\build\\default\\intermediates\\process_profile\\default\\module.json","type":"file","isSymbolicLink":false,"fileMetaData":{"size":1771,"lastModifiedTime":1727429215895}},"F:\\huawei harmony\\DevEco Studio\\sdk\\default\\openharmony\\toolchains\\syscap_tool.exe":{"hashValue":"c2275bc8cf68da594110a74a2a246ad9","name":"syscap_tool.exe","path":"F:\\huawei harmony\\DevEco Studio\\sdk\\default\\openharmony\\toolchains\\syscap_tool.exe","type":"file","isSymbolicLink":false,"fileMetaData":{"size":343552,"lastModifiedTime":1725460209000}},"F:\\huawei harmony\\DevEco Studio\\sdk\\default\\openharmony\\ets\\api\\device-define":{"hashValue":"507e990b88411d4aa56194ab28279b86","name":"device-define","path":"F:\\huawei harmony\\DevEco Studio\\sdk\\default\\openharmony\\ets\\api\\device-define","type":"directory","isSymbolicLink":false,"children":[{"hashValue":"a50cdcb6392f41fc53795eb0cde9a2c5","name":"default.json","path":"F:\\huawei harmony\\DevEco Studio\\sdk\\default\\openharmony\\ets\\api\\device-define\\default.json","type":"file","isSymbolicLink":false,"fileMetaData":{"size":12253,"lastModifiedTime":1725460209000}},{"hashValue":"51ed342d578952d92bbe35ef6f0099dd","name":"liteWearable.json","path":"F:\\huawei harmony\\DevEco Studio\\sdk\\default\\openharmony\\ets\\api\\device-define\\liteWearable.json","type":"file","isSymbolicLink":false,"fileMetaData":{"size":883,"lastModifiedTime":1725460209000}},{"hashValue":"836847222622931126fc7497c6a7c1ab","name":"tablet.json","path":"F:\\huawei harmony\\DevEco Studio\\sdk\\default\\openharmony\\ets\\api\\device-define\\tablet.json","type":"file","isSymbolicLink":false,"fileMetaData":{"size":11820,"lastModifiedTime":1725460209000}}]},"F:\\demo4server\\oh-package.json5":{"hashValue":"12fc826fc79ea9da153093463ef7cb5d","name":"oh-package.json5","path":"F:\\demo4server\\oh-package.json5","type":"file","isSymbolicLink":false,"fileMetaData":{"size":210,"lastModifiedTime":1727428613344}},"F:\\demo4server\\entry\\build\\default\\intermediates\\router_map\\default\\temp-router-map.json":{"hashValue":"26f9b9a4f0b6bf336dc4fb99aae30519","name":"temp-router-map.json","path":"F:\\demo4server\\entry\\build\\default\\intermediates\\router_map\\default\\temp-router-map.json","type":"file","isSymbolicLink":false,"fileMetaData":{"size":16,"lastModifiedTime":1727429215922}},"F:\\demo4server\\entry\\build\\default\\intermediates\\router_map\\default\\loader-router-map.json":{"hashValue":"108278044dabd76a0ab703e2834af696","name":"loader-router-map.json","path":"F:\\demo4server\\entry\\build\\default\\intermediates\\router_map\\default\\loader-router-map.json","type":"file","isSymbolicLink":false,"fileMetaData":{"size":16,"lastModifiedTime":1727429215923}},"F:\\demo4server\\entry\\build\\default\\intermediates\\res\\default\\resConfig.json":{"hashValue":"a0a78adddf155f53d7799a71a1cdc444","name":"resConfig.json","path":"F:\\demo4server\\entry\\build\\default\\intermediates\\res\\default\\resConfig.json","type":"file","isSymbolicLink":false,"fileMetaData":{"size":807,"lastModifiedTime":1727429215947}},"F:\\demo4server\\entry\\build\\default\\intermediates\\loader\\default\\loader.json":{"hashValue":"1f8562014f7f6703e8793aece1d4b8ac","name":"loader.json","path":"F:\\demo4server\\entry\\build\\default\\intermediates\\loader\\default\\loader.json","type":"file","isSymbolicLink":false,"fileMetaData":{"size":804,"lastModifiedTime":1727429215990}},"F:\\demo4server\\entry\\build\\default\\intermediates\\libs\\default":{"hashValue":"","name":"default","path":"F:\\demo4server\\entry\\build\\default\\intermediates\\libs\\default","type":"directory","isSymbolicLink":false,"children":[]},"F:\\demo4server\\entry\\src\\main\\resources":{"hashValue":"88430b90c68d843df85b0e826e1c2e7a","name":"resources","path":"F:\\demo4server\\entry\\src\\main\\resources","type":"directory","isSymbolicLink":false,"children":[{"hashValue":"468f1f13e071dbfec22674721ebffc51","name":"base","path":"F:\\demo4server\\entry\\src\\main\\resources\\base","type":"directory","isSymbolicLink":false,"children":[{"hashValue":"3d5898aebd84c977e2d91ac46b9f4914","name":"element","path":"F:\\demo4server\\entry\\src\\main\\resources\\base\\element","type":"directory","isSymbolicLink":false,"children":[{"hashValue":"7d9e1f19cca565e5992d33eb74676d14","name":"color.json","path":"F:\\demo4server\\entry\\src\\main\\resources\\base\\element\\color.json","type":"file","isSymbolicLink":false,"fileMetaData":{"size":105,"lastModifiedTime":1727428612653}},{"hashValue":"aa92c71b3e48c6a87d25a1111507b2b1","name":"string.json","path":"F:\\demo4server\\entry\\src\\main\\resources\\base\\element\\string.json","type":"file","isSymbolicLink":false,"fileMetaData":{"size":247,"lastModifiedTime":1727428613364}}]},{"hashValue":"354fb4364ffe6f82d5b8b44999fe9c95","name":"media","path":"F:\\demo4server\\entry\\src\\main\\resources\\base\\media","type":"directory","isSymbolicLink":false,"children":[{"hashValue":"53feebd3603305e03ebd8d1eedc73b10","name":"background.png","path":"F:\\demo4server\\entry\\src\\main\\resources\\base\\media\\background.png","type":"file","isSymbolicLink":false,"fileMetaData":{"size":57364,"lastModifiedTime":1727428612661}},{"hashValue":"1b771747cbfcd4588da5bf699c96291c","name":"foreground.png","path":"F:\\demo4server\\entry\\src\\main\\resources\\base\\media\\foreground.png","type":"file","isSymbolicLink":false,"fileMetaData":{"size":12430,"lastModifiedTime":1727428612666}},{"hashValue":"3f42a97e9a829a8140d12b49eead0d14","name":"layered_image.json","path":"F:\\demo4server\\entry\\src\\main\\resources\\base\\media\\layered_image.json","type":"file","isSymbolicLink":false,"fileMetaData":{"size":109,"lastModifiedTime":1727428612671}},{"hashValue":"748dbfbe083fc29a6e6d2b1c17f0a630","name":"startIcon.png","path":"F:\\demo4server\\entry\\src\\main\\resources\\base\\media\\startIcon.png","type":"file","isSymbolicLink":false,"fileMetaData":{"size":20093,"lastModifiedTime":1727428612680}}]},{"hashValue":"3391a7c48ca2310ddddaa5df0622cba2","name":"profile","path":"F:\\demo4server\\entry\\src\\main\\resources\\base\\profile","type":"directory","isSymbolicLink":false,"children":[{"hashValue":"7062d624e3ab399478250bf9c2b26055","name":"backup_config.json","path":"F:\\demo4server\\entry\\src\\main\\resources\\base\\profile\\backup_config.json","type":"file","isSymbolicLink":false,"fileMetaData":{"size":36,"lastModifiedTime":1727428612725}},{"hashValue":"3220f58bb64efd4797b51b5ac300a198","name":"main_pages.json","path":"F:\\demo4server\\entry\\src\\main\\resources\\base\\profile\\main_pages.json","type":"file","isSymbolicLink":false,"fileMetaData":{"size":37,"lastModifiedTime":1727428612694}}]}]},{"hashValue":"448125db3bdea1f69d297fe5e2fb4ea0","name":"en_US","path":"F:\\demo4server\\entry\\src\\main\\resources\\en_US","type":"directory","isSymbolicLink":false,"children":[{"hashValue":"2ae152d4683e39ae2345af12547cd19e","name":"element","path":"F:\\demo4server\\entry\\src\\main\\resources\\en_US\\element","type":"directory","isSymbolicLink":false,"children":[{"hashValue":"4d009cfc9d45a0e16e025f3e317c8584","name":"string.json","path":"F:\\demo4server\\entry\\src\\main\\resources\\en_US\\element\\string.json","type":"file","isSymbolicLink":false,"fileMetaData":{"size":247,"lastModifiedTime":1727428613373}}]}]},{"hashValue":"","name":"rawfile","path":"F:\\demo4server\\entry\\src\\main\\resources\\rawfile","type":"directory","isSymbolicLink":false,"children":[]},{"hashValue":"903309218426f2306585fb74327c1a84","name":"zh_CN","path":"F:\\demo4server\\entry\\src\\main\\resources\\zh_CN","type":"directory","isSymbolicLink":false,"children":[{"hashValue":"39ace843abccf79ebbd0072e0a9103a2","name":"element","path":"F:\\demo4server\\entry\\src\\main\\resources\\zh_CN\\element","type":"directory","isSymbolicLink":false,"children":[{"hashValue":"ca3991ca8d13c402f02c1b576e0c3c5d","name":"string.json","path":"F:\\demo4server\\entry\\src\\main\\resources\\zh_CN\\element\\string.json","type":"file","isSymbolicLink":false,"fileMetaData":{"size":241,"lastModifiedTime":1727428613378}}]}]}]},"F:\\demo4server\\AppScope\\resources":{"hashValue":"8f6fdc83c7d36458420a2c9a96333d90","name":"resources","path":"F:\\demo4server\\AppScope\\resources","type":"directory","isSymbolicLink":false,"children":[{"hashValue":"fe33cb4a2f49f810e907af5c5bb35672","name":"base","path":"F:\\demo4server\\AppScope\\resources\\base","type":"directory","isSymbolicLink":false,"children":[{"hashValue":"99ac0c60b1dfdb88771b2d890b95d983","name":"element","path":"F:\\demo4server\\AppScope\\resources\\base\\element","type":"directory","isSymbolicLink":false,"children":[{"hashValue":"7e29800ec7040c10b8e8554433c6d2b6","name":"string.json","path":"F:\\demo4server\\AppScope\\resources\\base\\element\\string.json","type":"file","isSymbolicLink":false,"fileMetaData":{"size":97,"lastModifiedTime":1727428612484}}]},{"hashValue":"7dfcdf79c16f45484943a3d5e07fa611","name":"media","path":"F:\\demo4server\\AppScope\\resources\\base\\media","type":"directory","isSymbolicLink":false,"children":[{"hashValue":"31a6651c345f64a159b31523f6e482af","name":"app_icon.png","path":"F:\\demo4server\\AppScope\\resources\\base\\media\\app_icon.png","type":"file","isSymbolicLink":false,"fileMetaData":{"size":2777,"lastModifiedTime":1727428612475}}]}]}]},"F:\\demo4server\\entry\\build\\default\\intermediates\\res\\default":{"hashValue":"1c4e3a7fd2a2d23f65bd920316c87bfd","name":"default","path":"F:\\demo4server\\entry\\build\\default\\intermediates\\res\\default","type":"directory","isSymbolicLink":false,"children":[{"hashValue":"a3066d209cb4d7a8b426d669253ee197","name":"ids_map","path":"F:\\demo4server\\entry\\build\\default\\intermediates\\res\\default\\ids_map","type":"directory","isSymbolicLink":false,"children":[{"hashValue":"f0525d73cb65f44bb7a9377eed941f41","name":"id_defined.json","path":"F:\\demo4server\\entry\\build\\default\\intermediates\\res\\default\\ids_map\\id_defined.json","type":"file","isSymbolicLink":false,"fileMetaData":{"size":941,"lastModifiedTime":1727429216156}}]},{"hashValue":"e305b9c70f90a7739eac12c33b5e7016","name":"module.json","path":"F:\\demo4server\\entry\\build\\default\\intermediates\\res\\default\\module.json","type":"file","isSymbolicLink":false,"fileMetaData":{"size":1941,"lastModifiedTime":1727429216152}},{"hashValue":"a0a78adddf155f53d7799a71a1cdc444","name":"resConfig.json","path":"F:\\demo4server\\entry\\build\\default\\intermediates\\res\\default\\resConfig.json","type":"file","isSymbolicLink":false,"fileMetaData":{"size":807,"lastModifiedTime":1727429215947}},{"hashValue":"f4d9c20e94465a4f15b8f3f28acfc7df","name":"resources","path":"F:\\demo4server\\entry\\build\\default\\intermediates\\res\\default\\resources","type":"directory","isSymbolicLink":false,"children":[{"hashValue":"800be3e0b4173aa20b757ca6aca98e3f","name":"base","path":"F:\\demo4server\\entry\\build\\default\\intermediates\\res\\default\\resources\\base","type":"directory","isSymbolicLink":false,"children":[{"hashValue":"0375bed4d6445ddfcd4aea6b409bde88","name":"media","path":"F:\\demo4server\\entry\\build\\default\\intermediates\\res\\default\\resources\\base\\media","type":"directory","isSymbolicLink":false,"children":[{"hashValue":"31a6651c345f64a159b31523f6e482af","name":"app_icon.png","path":"F:\\demo4server\\entry\\build\\default\\intermediates\\res\\default\\resources\\base\\media\\app_icon.png","type":"file","isSymbolicLink":false,"fileMetaData":{"size":2777,"lastModifiedTime":1727428612475}},{"hashValue":"53feebd3603305e03ebd8d1eedc73b10","name":"background.png","path":"F:\\demo4server\\entry\\build\\default\\intermediates\\res\\default\\resources\\base\\media\\background.png","type":"file","isSymbolicLink":false,"fileMetaData":{"size":57364,"lastModifiedTime":1727428612661}},{"hashValue":"1b771747cbfcd4588da5bf699c96291c","name":"foreground.png","path":"F:\\demo4server\\entry\\build\\default\\intermediates\\res\\default\\resources\\base\\media\\foreground.png","type":"file","isSymbolicLink":false,"fileMetaData":{"size":12430,"lastModifiedTime":1727428612666}},{"hashValue":"96382ae1485590c47bb0a83aef0589a4","name":"layered_image.json","path":"F:\\demo4server\\entry\\build\\default\\intermediates\\res\\default\\resources\\base\\media\\layered_image.json","type":"file","isSymbolicLink":false,"fileMetaData":{"size":95,"lastModifiedTime":1727429216148}},{"hashValue":"748dbfbe083fc29a6e6d2b1c17f0a630","name":"startIcon.png","path":"F:\\demo4server\\entry\\build\\default\\intermediates\\res\\default\\resources\\base\\media\\startIcon.png","type":"file","isSymbolicLink":false,"fileMetaData":{"size":20093,"lastModifiedTime":1727428612680}}]},{"hashValue":"3391a7c48ca2310ddddaa5df0622cba2","name":"profile","path":"F:\\demo4server\\entry\\build\\default\\intermediates\\res\\default\\resources\\base\\profile","type":"directory","isSymbolicLink":false,"children":[{"hashValue":"7062d624e3ab399478250bf9c2b26055","name":"backup_config.json","path":"F:\\demo4server\\entry\\build\\default\\intermediates\\res\\default\\resources\\base\\profile\\backup_config.json","type":"file","isSymbolicLink":false,"fileMetaData":{"size":36,"lastModifiedTime":1727428612725}},{"hashValue":"3220f58bb64efd4797b51b5ac300a198","name":"main_pages.json","path":"F:\\demo4server\\entry\\build\\default\\intermediates\\res\\default\\resources\\base\\profile\\main_pages.json","type":"file","isSymbolicLink":false,"fileMetaData":{"size":37,"lastModifiedTime":1727428612694}}]}]},{"hashValue":"","name":"rawfile","path":"F:\\demo4server\\entry\\build\\default\\intermediates\\res\\default\\resources\\rawfile","type":"directory","isSymbolicLink":false,"children":[]}]},{"hashValue":"24d94db10e098c8cfec70ae8abea84fa","name":"resources.index","path":"F:\\demo4server\\entry\\build\\default\\intermediates\\res\\default\\resources.index","type":"file","isSymbolicLink":false,"fileMetaData":{"size":1349,"lastModifiedTime":1727429216155}},{"hashValue":"20cf9aeedfcd560b44b7fe89c3f3b8ea","name":"ResourceTable.txt","path":"F:\\demo4server\\entry\\build\\default\\intermediates\\res\\default\\ResourceTable.txt","type":"file","isSymbolicLink":false,"fileMetaData":{"size":373,"lastModifiedTime":1727429216150}}]},"F:\\demo4server\\entry\\build\\default\\generated\\r\\default\\ResourceTable.h":{"hashValue":"01d21f2f1f2438ec2a9e645cd5432283","name":"ResourceTable.h","path":"F:\\demo4server\\entry\\build\\default\\generated\\r\\default\\ResourceTable.h","type":"file","isSymbolicLink":false,"fileMetaData":{"size":1283,"lastModifiedTime":1727429216149}},"F:\\demo4server\\entry\\build\\default\\generated\\r\\default":{"hashValue":"dd852c1c65c08cdd238999245de3793d","name":"default","path":"F:\\demo4server\\entry\\build\\default\\generated\\r\\default","type":"directory","isSymbolicLink":false,"children":[{"hashValue":"01d21f2f1f2438ec2a9e645cd5432283","name":"ResourceTable.h","path":"F:\\demo4server\\entry\\build\\default\\generated\\r\\default\\ResourceTable.h","type":"file","isSymbolicLink":false,"fileMetaData":{"size":1283,"lastModifiedTime":1727429216149}}]},"F:\\demo4server\\entry\\build\\default\\intermediates\\loader\\default":{"hashValue":"ec211e242b7a3249b305ab85373360a7","name":"default","path":"F:\\demo4server\\entry\\build\\default\\intermediates\\loader\\default","type":"directory","isSymbolicLink":false,"children":[{"hashValue":"1f8562014f7f6703e8793aece1d4b8ac","name":"loader.json","path":"F:\\demo4server\\entry\\build\\default\\intermediates\\loader\\default\\loader.json","type":"file","isSymbolicLink":false,"fileMetaData":{"size":804,"lastModifiedTime":1727429215990}},{"hashValue":"759f50c55d1283a8e8d31aee32587027","name":"pkgContextInfo.json","path":"F:\\demo4server\\entry\\build\\default\\intermediates\\loader\\default\\pkgContextInfo.json","type":"file","isSymbolicLink":false,"fileMetaData":{"size":444,"lastModifiedTime":1727429215721}}]},"F:\\demo4server\\entry\\build\\default\\intermediates\\res\\default\\resources\\rawfile":{"hashValue":"","name":"rawfile","path":"F:\\demo4server\\entry\\build\\default\\intermediates\\res\\default\\resources\\rawfile","type":"directory","isSymbolicLink":false,"children":[]},"F:\\demo4server\\entry\\build\\default\\intermediates\\res\\default\\ResourceTable.txt":{"hashValue":"20cf9aeedfcd560b44b7fe89c3f3b8ea","name":"ResourceTable.txt","path":"F:\\demo4server\\entry\\build\\default\\intermediates\\res\\default\\ResourceTable.txt","type":"file","isSymbolicLink":false,"fileMetaData":{"size":373,"lastModifiedTime":1727429216150}},"F:\\demo4server\\entry\\build\\default\\intermediates\\res\\default\\module.json":{"hashValue":"e305b9c70f90a7739eac12c33b5e7016","name":"module.json","path":"F:\\demo4server\\entry\\build\\default\\intermediates\\res\\default\\module.json","type":"file","isSymbolicLink":false,"fileMetaData":{"size":1941,"lastModifiedTime":1727429216152}},"F:\\demo4server\\entry\\build\\default\\intermediates\\res\\default\\resources\\base\\profile":{"hashValue":"3391a7c48ca2310ddddaa5df0622cba2","name":"profile","path":"F:\\demo4server\\entry\\build\\default\\intermediates\\res\\default\\resources\\base\\profile","type":"directory","isSymbolicLink":false,"children":[{"hashValue":"7062d624e3ab399478250bf9c2b26055","name":"backup_config.json","path":"F:\\demo4server\\entry\\build\\default\\intermediates\\res\\default\\resources\\base\\profile\\backup_config.json","type":"file","isSymbolicLink":false,"fileMetaData":{"size":36,"lastModifiedTime":1727428612725}},{"hashValue":"3220f58bb64efd4797b51b5ac300a198","name":"main_pages.json","path":"F:\\demo4server\\entry\\build\\default\\intermediates\\res\\default\\resources\\base\\profile\\main_pages.json","type":"file","isSymbolicLink":false,"fileMetaData":{"size":37,"lastModifiedTime":1727428612694}}]},"F:\\demo4server\\entry\\src\\main\\ets":{"hashValue":"6fba234407320ad805084d1d11cee5c4","name":"ets","path":"F:\\demo4server\\entry\\src\\main\\ets","type":"directory","isSymbolicLink":false,"children":[{"hashValue":"c8a98cb843cbc33dc54dbcc7fd593f87","name":"entryability","path":"F:\\demo4server\\entry\\src\\main\\ets\\entryability","type":"directory","isSymbolicLink":false,"children":[{"hashValue":"285750919192922b50f2c4fef7bd0596","name":"EntryAbility.ets","path":"F:\\demo4server\\entry\\src\\main\\ets\\entryability\\EntryAbility.ets","type":"file","isSymbolicLink":false,"fileMetaData":{"size":1474,"lastModifiedTime":1727428613334}}]},{"hashValue":"0e9c846efe32cea6c0b7a734ef6a8c68","name":"entrybackupability","path":"F:\\demo4server\\entry\\src\\main\\ets\\entrybackupability","type":"directory","isSymbolicLink":false,"children":[{"hashValue":"ddaa1048f34d798abb1f43b8cd2865d6","name":"EntryBackupAbility.ets","path":"F:\\demo4server\\entry\\src\\main\\ets\\entrybackupability\\EntryBackupAbility.ets","type":"file","isSymbolicLink":false,"fileMetaData":{"size":436,"lastModifiedTime":1727428613354}}]},{"hashValue":"131e8e03fae13715631b168ba16231a5","name":"pages","path":"F:\\demo4server\\entry\\src\\main\\ets\\pages","type":"directory","isSymbolicLink":false,"children":[{"hashValue":"8fd9e2112f30d565ea7296933cd3a785","name":"Index.ets","path":"F:\\demo4server\\entry\\src\\main\\ets\\pages\\Index.ets","type":"file","isSymbolicLink":false,"fileMetaData":{"size":3429,"lastModifiedTime":1727432604518}}]},{"hashValue":"ea872feb1b2082b6afd6369facd71502","name":"utils","path":"F:\\demo4server\\entry\\src\\main\\ets\\utils","type":"directory","isSymbolicLink":false,"children":[{"hashValue":"8d951f9c9e57227efe9561a46ca470c2","name":"utils.ets","path":"F:\\demo4server\\entry\\src\\main\\ets\\utils\\utils.ets","type":"file","isSymbolicLink":false,"fileMetaData":{"size":815,"lastModifiedTime":1727428969637}}]}]},"F:\\demo4server\\entry\\build\\default\\intermediates\\loader_out\\default\\ets":{"hashValue":"5ae8d423480b54209b3f242cb461cc71","name":"ets","path":"F:\\demo4server\\entry\\build\\default\\intermediates\\loader_out\\default\\ets","type":"directory","isSymbolicLink":false,"children":[{"hashValue":"e7ef2ec386c88c4734dbfce47d3f5533","name":"modules.abc","path":"F:\\demo4server\\entry\\build\\default\\intermediates\\loader_out\\default\\ets\\modules.abc","type":"file","isSymbolicLink":false,"fileMetaData":{"size":19012,"lastModifiedTime":1727432649795}},{"hashValue":"6e33e6927f08483fe4ba1dbef8f6e019","name":"sourceMaps.map","path":"F:\\demo4server\\entry\\build\\default\\intermediates\\loader_out\\default\\ets\\sourceMaps.map","type":"file","isSymbolicLink":false,"fileMetaData":{"size":6786,"lastModifiedTime":1727432649748}}]},"F:\\demo4server\\entry\\build\\default\\intermediates\\stripped_native_libs\\default":{"hashValue":"","name":"default","path":"F:\\demo4server\\entry\\build\\default\\intermediates\\stripped_native_libs\\default","type":"directory","isSymbolicLink":false,"children":[]},"F:\\demo4server\\entry\\build\\default\\intermediates\\patch\\default\\base_native_libs.json":{"hashValue":"e7b70fffe2e58ead21c99f56baad25b8","name":"base_native_libs.json","path":"F:\\demo4server\\entry\\build\\default\\intermediates\\patch\\default\\base_native_libs.json","type":"file","isSymbolicLink":false,"fileMetaData":{"size":25,"lastModifiedTime":1727429220834}},"F:\\demo4server\\entry\\build\\default\\intermediates\\package\\default\\module.json":{"hashValue":"e305b9c70f90a7739eac12c33b5e7016","name":"module.json","path":"F:\\demo4server\\entry\\build\\default\\intermediates\\package\\default\\module.json","type":"file","isSymbolicLink":false,"fileMetaData":{"size":1941,"lastModifiedTime":1727429216152}},"F:\\demo4server\\entry\\build\\default\\intermediates\\res\\default\\resources":{"hashValue":"f4d9c20e94465a4f15b8f3f28acfc7df","name":"resources","path":"F:\\demo4server\\entry\\build\\default\\intermediates\\res\\default\\resources","type":"directory","isSymbolicLink":false,"children":[{"hashValue":"800be3e0b4173aa20b757ca6aca98e3f","name":"base","path":"F:\\demo4server\\entry\\build\\default\\intermediates\\res\\default\\resources\\base","type":"directory","isSymbolicLink":false,"children":[{"hashValue":"0375bed4d6445ddfcd4aea6b409bde88","name":"media","path":"F:\\demo4server\\entry\\build\\default\\intermediates\\res\\default\\resources\\base\\media","type":"directory","isSymbolicLink":false,"children":[{"hashValue":"31a6651c345f64a159b31523f6e482af","name":"app_icon.png","path":"F:\\demo4server\\entry\\build\\default\\intermediates\\res\\default\\resources\\base\\media\\app_icon.png","type":"file","isSymbolicLink":false,"fileMetaData":{"size":2777,"lastModifiedTime":1727428612475}},{"hashValue":"53feebd3603305e03ebd8d1eedc73b10","name":"background.png","path":"F:\\demo4server\\entry\\build\\default\\intermediates\\res\\default\\resources\\base\\media\\background.png","type":"file","isSymbolicLink":false,"fileMetaData":{"size":57364,"lastModifiedTime":1727428612661}},{"hashValue":"1b771747cbfcd4588da5bf699c96291c","name":"foreground.png","path":"F:\\demo4server\\entry\\build\\default\\intermediates\\res\\default\\resources\\base\\media\\foreground.png","type":"file","isSymbolicLink":false,"fileMetaData":{"size":12430,"lastModifiedTime":1727428612666}},{"hashValue":"96382ae1485590c47bb0a83aef0589a4","name":"layered_image.json","path":"F:\\demo4server\\entry\\build\\default\\intermediates\\res\\default\\resources\\base\\media\\layered_image.json","type":"file","isSymbolicLink":false,"fileMetaData":{"size":95,"lastModifiedTime":1727429216148}},{"hashValue":"748dbfbe083fc29a6e6d2b1c17f0a630","name":"startIcon.png","path":"F:\\demo4server\\entry\\build\\default\\intermediates\\res\\default\\resources\\base\\media\\startIcon.png","type":"file","isSymbolicLink":false,"fileMetaData":{"size":20093,"lastModifiedTime":1727428612680}}]},{"hashValue":"3391a7c48ca2310ddddaa5df0622cba2","name":"profile","path":"F:\\demo4server\\entry\\build\\default\\intermediates\\res\\default\\resources\\base\\profile","type":"directory","isSymbolicLink":false,"children":[{"hashValue":"7062d624e3ab399478250bf9c2b26055","name":"backup_config.json","path":"F:\\demo4server\\entry\\build\\default\\intermediates\\res\\default\\resources\\base\\profile\\backup_config.json","type":"file","isSymbolicLink":false,"fileMetaData":{"size":36,"lastModifiedTime":1727428612725}},{"hashValue":"3220f58bb64efd4797b51b5ac300a198","name":"main_pages.json","path":"F:\\demo4server\\entry\\build\\default\\intermediates\\res\\default\\resources\\base\\profile\\main_pages.json","type":"file","isSymbolicLink":false,"fileMetaData":{"size":37,"lastModifiedTime":1727428612694}}]}]},{"hashValue":"","name":"rawfile","path":"F:\\demo4server\\entry\\build\\default\\intermediates\\res\\default\\resources\\rawfile","type":"directory","isSymbolicLink":false,"children":[]}]},"F:\\demo4server\\entry\\build\\default\\intermediates\\res\\default\\resources.index":{"hashValue":"24d94db10e098c8cfec70ae8abea84fa","name":"resources.index","path":"F:\\demo4server\\entry\\build\\default\\intermediates\\res\\default\\resources.index","type":"file","isSymbolicLink":false,"fileMetaData":{"size":1349,"lastModifiedTime":1727429216155}},"F:\\demo4server\\entry\\build\\default\\outputs\\default\\entry-default-unsigned.hap":{"hashValue":"c801c36ec4b8db436558efcca7d65c77","name":"entry-default-unsigned.hap","path":"F:\\demo4server\\entry\\build\\default\\outputs\\default\\entry-default-unsigned.hap","type":"file","isSymbolicLink":false,"fileMetaData":{"size":124327,"lastModifiedTime":1727432650434}},"F:\\demo4server\\entry\\build\\default\\outputs\\default\\mapping\\sourceMaps.map":{"hashValue":"6e33e6927f08483fe4ba1dbef8f6e019","name":"sourceMaps.map","path":"F:\\demo4server\\entry\\build\\default\\outputs\\default\\mapping\\sourceMaps.map","type":"file","isSymbolicLink":false,"fileMetaData":{"size":6786,"lastModifiedTime":1727432649748}},"F:\\demo4server\\build\\cache\\default\\integrated_hsp\\integratedHspCache.json":{"hashValue":"","name":"emptyroot","path":"","type":"unknown","isSymbolicLink":false,"children":[]},"F:\\demo4server\\entry\\build\\default\\intermediates\\syscap\\default\\rpcid.sc":{"hashValue":"","name":"emptyroot","path":"","type":"unknown","isSymbolicLink":false,"children":[]},"F:\\demo4server\\entry\\build\\default\\intermediates\\loader_out\\default\\js":{"hashValue":"","name":"emptyroot","path":"","type":"unknown","isSymbolicLink":false,"children":[]},"F:\\demo4server\\entry\\build\\default\\outputs\\default\\entry-default-signed.hap":{"hashValue":"","name":"emptyroot","path":"","type":"unknown","isSymbolicLink":false,"children":[]}}