{"F:\\demo4client\\AppScope\\app.json5":{"hashValue":"c2f42c5b048a7a21cb6d88a84fe091f9","name":"app.json5","path":"F:\\demo4client\\AppScope\\app.json5","type":"file","isSymbolicLink":false,"fileMetaData":{"size":218,"lastModifiedTime":1727426834321}},"F:\\demo4client\\entry\\src\\main\\module.json5":{"hashValue":"01b11e750a853f43588fe88e5687d6e1","name":"module.json5","path":"F:\\demo4client\\entry\\src\\main\\module.json5","type":"file","isSymbolicLink":false,"fileMetaData":{"size":1473,"lastModifiedTime":1727426884257}},"F:\\demo4client\\build-profile.json5":{"hashValue":"39627ea9ec5b64531c10ae239868c91c","name":"build-profile.json5","path":"F:\\demo4client\\build-profile.json5","type":"file","isSymbolicLink":false,"fileMetaData":{"size":756,"lastModifiedTime":1727426834394}},"F:\\demo4client\\entry\\build-profile.json5":{"hashValue":"ea7ac71374bf0c5b1a0b46ae83846f56","name":"build-profile.json5","path":"F:\\demo4client\\entry\\build-profile.json5","type":"file","isSymbolicLink":false,"fileMetaData":{"size":449,"lastModifiedTime":1727426834417}},"F:\\demo4client\\entry\\src\\main\\resources\\base\\profile\\main_pages.json":{"hashValue":"abd1e42f804ceae0c33eab41b8ea4ba7","name":"main_pages.json","path":"F:\\demo4client\\entry\\src\\main\\resources\\base\\profile\\main_pages.json","type":"file","isSymbolicLink":false,"fileMetaData":{"size":37,"lastModifiedTime":1727426831461}},"F:\\demo4client\\hvigor\\hvigor-config.json5":{"hashValue":"cc4b9fa31b3bc1012b4469bf56766c95","name":"hvigor-config.json5","path":"F:\\demo4client\\hvigor\\hvigor-config.json5","type":"file","isSymbolicLink":false,"fileMetaData":{"size":1323,"lastModifiedTime":1727426831108}},"F:\\demo4client\\entry\\src\\mock\\mock-config.json5":{"hashValue":"62bfab2aeed7af9957218911e84182b1","name":"mock-config.json5","path":"F:\\demo4client\\entry\\src\\mock\\mock-config.json5","type":"file","isSymbolicLink":false,"fileMetaData":{"size":3,"lastModifiedTime":1727426831351}},"F:\\demo4client\\entry\\oh-package.json5":{"hashValue":"483cf90592e85f31d7ed7d501ee48cbb","name":"oh-package.json5","path":"F:\\demo4client\\entry\\oh-package.json5","type":"file","isSymbolicLink":false,"fileMetaData":{"size":183,"lastModifiedTime":1727426831177}},"F:\\demo4client\\entry\\build\\default\\intermediates\\hap_metadata\\default\\output_metadata.json":{"hashValue":"f63141398f032e844736d47a798808dd","name":"output_metadata.json","path":"F:\\demo4client\\entry\\build\\default\\intermediates\\hap_metadata\\default\\output_metadata.json","type":"file","isSymbolicLink":false,"fileMetaData":{"size":100,"lastModifiedTime":1727429212176}},"F:\\demo4client\\entry\\build\\default\\intermediates\\merge_profile\\default\\module.json":{"hashValue":"096499316f8a3a4374539de94244faee","name":"module.json","path":"F:\\demo4client\\entry\\build\\default\\intermediates\\merge_profile\\default\\module.json","type":"file","isSymbolicLink":false,"fileMetaData":{"size":1685,"lastModifiedTime":1727429212195}},"F:\\demo4client\\entry\\build\\default\\generated\\profile\\default\\BuildProfile.ets":{"hashValue":"884e4105ad1f282fa800326b794648e9","name":"BuildProfile.ets","path":"F:\\demo4client\\entry\\build\\default\\generated\\profile\\default\\BuildProfile.ets","type":"file","isSymbolicLink":false,"fileMetaData":{"size":866,"lastModifiedTime":1727429212205}},"F:\\demo4client\\entry\\build\\default\\intermediates\\loader\\default\\pkgContextInfo.json":{"hashValue":"269fbe08d3cd7c849e0ef40f20af4f5e","name":"pkgContextInfo.json","path":"F:\\demo4client\\entry\\build\\default\\intermediates\\loader\\default\\pkgContextInfo.json","type":"file","isSymbolicLink":false,"fileMetaData":{"size":444,"lastModifiedTime":1727429212250}},"F:\\demo4client\\entry\\src\\main\\resources\\base\\profile\\backup_config.json":{"hashValue":"9a6b232ea2baba30241b12791d4192eb","name":"backup_config.json","path":"F:\\demo4client\\entry\\src\\main\\resources\\base\\profile\\backup_config.json","type":"file","isSymbolicLink":false,"fileMetaData":{"size":36,"lastModifiedTime":1727426831488}},"F:\\demo4client\\entry\\build\\default\\outputs\\default\\pack.info":{"hashValue":"f08851b2bc579b6719a6209473c8bd16","name":"pack.info","path":"F:\\demo4client\\entry\\build\\default\\outputs\\default\\pack.info","type":"file","isSymbolicLink":false,"fileMetaData":{"size":640,"lastModifiedTime":1727429212282}},"F:\\demo4client\\entry\\build\\default\\intermediates\\process_profile\\default\\module.json":{"hashValue":"731bc239d1482f1a83a4662c2acda9b0","name":"module.json","path":"F:\\demo4client\\entry\\build\\default\\intermediates\\process_profile\\default\\module.json","type":"file","isSymbolicLink":false,"fileMetaData":{"size":1771,"lastModifiedTime":1727429212467}},"F:\\huawei harmony\\DevEco Studio\\sdk\\default\\openharmony\\toolchains\\syscap_tool.exe":{"hashValue":"c2275bc8cf68da594110a74a2a246ad9","name":"syscap_tool.exe","path":"F:\\huawei harmony\\DevEco Studio\\sdk\\default\\openharmony\\toolchains\\syscap_tool.exe","type":"file","isSymbolicLink":false,"fileMetaData":{"size":343552,"lastModifiedTime":1725460209000}},"F:\\huawei harmony\\DevEco Studio\\sdk\\default\\openharmony\\ets\\api\\device-define":{"hashValue":"507e990b88411d4aa56194ab28279b86","name":"device-define","path":"F:\\huawei harmony\\DevEco Studio\\sdk\\default\\openharmony\\ets\\api\\device-define","type":"directory","isSymbolicLink":false,"children":[{"hashValue":"a50cdcb6392f41fc53795eb0cde9a2c5","name":"default.json","path":"F:\\huawei harmony\\DevEco Studio\\sdk\\default\\openharmony\\ets\\api\\device-define\\default.json","type":"file","isSymbolicLink":false,"fileMetaData":{"size":12253,"lastModifiedTime":1725460209000}},{"hashValue":"51ed342d578952d92bbe35ef6f0099dd","name":"liteWearable.json","path":"F:\\huawei harmony\\DevEco Studio\\sdk\\default\\openharmony\\ets\\api\\device-define\\liteWearable.json","type":"file","isSymbolicLink":false,"fileMetaData":{"size":883,"lastModifiedTime":1725460209000}},{"hashValue":"836847222622931126fc7497c6a7c1ab","name":"tablet.json","path":"F:\\huawei harmony\\DevEco Studio\\sdk\\default\\openharmony\\ets\\api\\device-define\\tablet.json","type":"file","isSymbolicLink":false,"fileMetaData":{"size":11820,"lastModifiedTime":1725460209000}}]},"F:\\demo4client\\oh-package.json5":{"hashValue":"a066bd7e7ff7f21cfb5a0993d79f1206","name":"oh-package.json5","path":"F:\\demo4client\\oh-package.json5","type":"file","isSymbolicLink":false,"fileMetaData":{"size":210,"lastModifiedTime":1727426834435}},"F:\\demo4client\\entry\\build\\default\\intermediates\\router_map\\default\\temp-router-map.json":{"hashValue":"e4489a696a944475f66c6c4d7c83f0fa","name":"temp-router-map.json","path":"F:\\demo4client\\entry\\build\\default\\intermediates\\router_map\\default\\temp-router-map.json","type":"file","isSymbolicLink":false,"fileMetaData":{"size":16,"lastModifiedTime":1727429212488}},"F:\\demo4client\\entry\\build\\default\\intermediates\\router_map\\default\\loader-router-map.json":{"hashValue":"2b4ce67ca7900ca5d16a382a19e526ed","name":"loader-router-map.json","path":"F:\\demo4client\\entry\\build\\default\\intermediates\\router_map\\default\\loader-router-map.json","type":"file","isSymbolicLink":false,"fileMetaData":{"size":16,"lastModifiedTime":1727429212490}},"F:\\demo4client\\entry\\build\\default\\intermediates\\res\\default\\resConfig.json":{"hashValue":"1e5ef6531d97819996d3808dc2972e63","name":"resConfig.json","path":"F:\\demo4client\\entry\\build\\default\\intermediates\\res\\default\\resConfig.json","type":"file","isSymbolicLink":false,"fileMetaData":{"size":807,"lastModifiedTime":1727429212516}},"F:\\demo4client\\entry\\build\\default\\intermediates\\loader\\default\\loader.json":{"hashValue":"014d3487893194f5118bafbd32a8d319","name":"loader.json","path":"F:\\demo4client\\entry\\build\\default\\intermediates\\loader\\default\\loader.json","type":"file","isSymbolicLink":false,"fileMetaData":{"size":804,"lastModifiedTime":1727429212554}},"F:\\demo4client\\entry\\build\\default\\intermediates\\libs\\default":{"hashValue":"","name":"default","path":"F:\\demo4client\\entry\\build\\default\\intermediates\\libs\\default","type":"directory","isSymbolicLink":false,"children":[]},"F:\\demo4client\\entry\\src\\main\\resources":{"hashValue":"94364caec63f7b1668d2929af47ef6ad","name":"resources","path":"F:\\demo4client\\entry\\src\\main\\resources","type":"directory","isSymbolicLink":false,"children":[{"hashValue":"761c4832724da0ee9cf95980a6c859b5","name":"base","path":"F:\\demo4client\\entry\\src\\main\\resources\\base","type":"directory","isSymbolicLink":false,"children":[{"hashValue":"c40c1d4521f77adde28cf245ce7435ee","name":"element","path":"F:\\demo4client\\entry\\src\\main\\resources\\base\\element","type":"directory","isSymbolicLink":false,"children":[{"hashValue":"f2ded16f8849be531eb7d4d620ee0a0f","name":"color.json","path":"F:\\demo4client\\entry\\src\\main\\resources\\base\\element\\color.json","type":"file","isSymbolicLink":false,"fileMetaData":{"size":105,"lastModifiedTime":1727426831421}},{"hashValue":"830fcc0551da0d193dbe932a4bad44b7","name":"string.json","path":"F:\\demo4client\\entry\\src\\main\\resources\\base\\element\\string.json","type":"file","isSymbolicLink":false,"fileMetaData":{"size":247,"lastModifiedTime":1727426834406}}]},{"hashValue":"9997a6f3604e5c035ffc52ad7fca68d9","name":"media","path":"F:\\demo4client\\entry\\src\\main\\resources\\base\\media","type":"directory","isSymbolicLink":false,"children":[{"hashValue":"775de0d6e8459acb958740bcfbfba366","name":"background.png","path":"F:\\demo4client\\entry\\src\\main\\resources\\base\\media\\background.png","type":"file","isSymbolicLink":false,"fileMetaData":{"size":57364,"lastModifiedTime":1727426831429}},{"hashValue":"57737d1d4bdef9b2c4e057d5d0da6e8b","name":"foreground.png","path":"F:\\demo4client\\entry\\src\\main\\resources\\base\\media\\foreground.png","type":"file","isSymbolicLink":false,"fileMetaData":{"size":12430,"lastModifiedTime":1727426831433}},{"hashValue":"3e5a19daf32731e33a007277d42e7af3","name":"layered_image.json","path":"F:\\demo4client\\entry\\src\\main\\resources\\base\\media\\layered_image.json","type":"file","isSymbolicLink":false,"fileMetaData":{"size":109,"lastModifiedTime":1727426831438}},{"hashValue":"1594af846a87d9410a9f62373421cd48","name":"startIcon.png","path":"F:\\demo4client\\entry\\src\\main\\resources\\base\\media\\startIcon.png","type":"file","isSymbolicLink":false,"fileMetaData":{"size":20093,"lastModifiedTime":1727426831445}}]},{"hashValue":"f8551c630027156e074e5f0edda9f64b","name":"profile","path":"F:\\demo4client\\entry\\src\\main\\resources\\base\\profile","type":"directory","isSymbolicLink":false,"children":[{"hashValue":"9a6b232ea2baba30241b12791d4192eb","name":"backup_config.json","path":"F:\\demo4client\\entry\\src\\main\\resources\\base\\profile\\backup_config.json","type":"file","isSymbolicLink":false,"fileMetaData":{"size":36,"lastModifiedTime":1727426831488}},{"hashValue":"abd1e42f804ceae0c33eab41b8ea4ba7","name":"main_pages.json","path":"F:\\demo4client\\entry\\src\\main\\resources\\base\\profile\\main_pages.json","type":"file","isSymbolicLink":false,"fileMetaData":{"size":37,"lastModifiedTime":1727426831461}}]}]},{"hashValue":"918d93810e5af3db9e6321c9e89302d1","name":"en_US","path":"F:\\demo4client\\entry\\src\\main\\resources\\en_US","type":"directory","isSymbolicLink":false,"children":[{"hashValue":"e114831b566df1ca0262991690790daa","name":"element","path":"F:\\demo4client\\entry\\src\\main\\resources\\en_US\\element","type":"directory","isSymbolicLink":false,"children":[{"hashValue":"42a5e60ee300d90b54bf1e1dc34e00d5","name":"string.json","path":"F:\\demo4client\\entry\\src\\main\\resources\\en_US\\element\\string.json","type":"file","isSymbolicLink":false,"fileMetaData":{"size":247,"lastModifiedTime":1727426834429}}]}]},{"hashValue":"","name":"rawfile","path":"F:\\demo4client\\entry\\src\\main\\resources\\rawfile","type":"directory","isSymbolicLink":false,"children":[]},{"hashValue":"7cffb79f66ef33323edd2f1724cd884a","name":"zh_CN","path":"F:\\demo4client\\entry\\src\\main\\resources\\zh_CN","type":"directory","isSymbolicLink":false,"children":[{"hashValue":"788e3282031cb1eb277e247bc4bd5db8","name":"element","path":"F:\\demo4client\\entry\\src\\main\\resources\\zh_CN\\element","type":"directory","isSymbolicLink":false,"children":[{"hashValue":"45fceed0742f8391bfa68ccc09c4f4e5","name":"string.json","path":"F:\\demo4client\\entry\\src\\main\\resources\\zh_CN\\element\\string.json","type":"file","isSymbolicLink":false,"fileMetaData":{"size":241,"lastModifiedTime":1727426834400}}]}]}]},"F:\\demo4client\\AppScope\\resources":{"hashValue":"fa3efa80a048a4f7c4efac0786927a34","name":"resources","path":"F:\\demo4client\\AppScope\\resources","type":"directory","isSymbolicLink":false,"children":[{"hashValue":"b76925e5f3558eb92f53ae22fdf0c447","name":"base","path":"F:\\demo4client\\AppScope\\resources\\base","type":"directory","isSymbolicLink":false,"children":[{"hashValue":"981771878d1a0b69c877d4a2e460200b","name":"element","path":"F:\\demo4client\\AppScope\\resources\\base\\element","type":"directory","isSymbolicLink":false,"children":[{"hashValue":"2e05c4fa66f8c8b08e90c3d146880c04","name":"string.json","path":"F:\\demo4client\\AppScope\\resources\\base\\element\\string.json","type":"file","isSymbolicLink":false,"fileMetaData":{"size":97,"lastModifiedTime":1727426831149}}]},{"hashValue":"ea7364a93f009823fc5e0fe1473c6f6d","name":"media","path":"F:\\demo4client\\AppScope\\resources\\base\\media","type":"directory","isSymbolicLink":false,"children":[{"hashValue":"22d9ce7efa25516e1aa31f799f06e238","name":"app_icon.png","path":"F:\\demo4client\\AppScope\\resources\\base\\media\\app_icon.png","type":"file","isSymbolicLink":false,"fileMetaData":{"size":2777,"lastModifiedTime":1727426831139}}]}]}]},"F:\\demo4client\\entry\\build\\default\\intermediates\\res\\default":{"hashValue":"ba56e3efb2bede6fb117b89e44334d1d","name":"default","path":"F:\\demo4client\\entry\\build\\default\\intermediates\\res\\default","type":"directory","isSymbolicLink":false,"children":[{"hashValue":"acc60e22328278e6897df51c1f9b39ac","name":"ids_map","path":"F:\\demo4client\\entry\\build\\default\\intermediates\\res\\default\\ids_map","type":"directory","isSymbolicLink":false,"children":[{"hashValue":"b885905a595be07394b233013737c178","name":"id_defined.json","path":"F:\\demo4client\\entry\\build\\default\\intermediates\\res\\default\\ids_map\\id_defined.json","type":"file","isSymbolicLink":false,"fileMetaData":{"size":941,"lastModifiedTime":1727429212710}}]},{"hashValue":"ba8bd259f09aa66037e230f9076b696f","name":"module.json","path":"F:\\demo4client\\entry\\build\\default\\intermediates\\res\\default\\module.json","type":"file","isSymbolicLink":false,"fileMetaData":{"size":1941,"lastModifiedTime":1727429212707}},{"hashValue":"1e5ef6531d97819996d3808dc2972e63","name":"resConfig.json","path":"F:\\demo4client\\entry\\build\\default\\intermediates\\res\\default\\resConfig.json","type":"file","isSymbolicLink":false,"fileMetaData":{"size":807,"lastModifiedTime":1727429212516}},{"hashValue":"21c8322033a992733b1a919922638bfa","name":"resources","path":"F:\\demo4client\\entry\\build\\default\\intermediates\\res\\default\\resources","type":"directory","isSymbolicLink":false,"children":[{"hashValue":"517ae6bf4b7fdef36937f40e7b09a24a","name":"base","path":"F:\\demo4client\\entry\\build\\default\\intermediates\\res\\default\\resources\\base","type":"directory","isSymbolicLink":false,"children":[{"hashValue":"329b1dfb1119362f60e6656dae99599f","name":"media","path":"F:\\demo4client\\entry\\build\\default\\intermediates\\res\\default\\resources\\base\\media","type":"directory","isSymbolicLink":false,"children":[{"hashValue":"22d9ce7efa25516e1aa31f799f06e238","name":"app_icon.png","path":"F:\\demo4client\\entry\\build\\default\\intermediates\\res\\default\\resources\\base\\media\\app_icon.png","type":"file","isSymbolicLink":false,"fileMetaData":{"size":2777,"lastModifiedTime":1727426831139}},{"hashValue":"775de0d6e8459acb958740bcfbfba366","name":"background.png","path":"F:\\demo4client\\entry\\build\\default\\intermediates\\res\\default\\resources\\base\\media\\background.png","type":"file","isSymbolicLink":false,"fileMetaData":{"size":57364,"lastModifiedTime":1727426831429}},{"hashValue":"57737d1d4bdef9b2c4e057d5d0da6e8b","name":"foreground.png","path":"F:\\demo4client\\entry\\build\\default\\intermediates\\res\\default\\resources\\base\\media\\foreground.png","type":"file","isSymbolicLink":false,"fileMetaData":{"size":12430,"lastModifiedTime":1727426831433}},{"hashValue":"0fce0edef9a42402acae5f51785a38a3","name":"layered_image.json","path":"F:\\demo4client\\entry\\build\\default\\intermediates\\res\\default\\resources\\base\\media\\layered_image.json","type":"file","isSymbolicLink":false,"fileMetaData":{"size":95,"lastModifiedTime":1727429212703}},{"hashValue":"1594af846a87d9410a9f62373421cd48","name":"startIcon.png","path":"F:\\demo4client\\entry\\build\\default\\intermediates\\res\\default\\resources\\base\\media\\startIcon.png","type":"file","isSymbolicLink":false,"fileMetaData":{"size":20093,"lastModifiedTime":1727426831445}}]},{"hashValue":"f8551c630027156e074e5f0edda9f64b","name":"profile","path":"F:\\demo4client\\entry\\build\\default\\intermediates\\res\\default\\resources\\base\\profile","type":"directory","isSymbolicLink":false,"children":[{"hashValue":"9a6b232ea2baba30241b12791d4192eb","name":"backup_config.json","path":"F:\\demo4client\\entry\\build\\default\\intermediates\\res\\default\\resources\\base\\profile\\backup_config.json","type":"file","isSymbolicLink":false,"fileMetaData":{"size":36,"lastModifiedTime":1727426831488}},{"hashValue":"abd1e42f804ceae0c33eab41b8ea4ba7","name":"main_pages.json","path":"F:\\demo4client\\entry\\build\\default\\intermediates\\res\\default\\resources\\base\\profile\\main_pages.json","type":"file","isSymbolicLink":false,"fileMetaData":{"size":37,"lastModifiedTime":1727426831461}}]}]},{"hashValue":"","name":"rawfile","path":"F:\\demo4client\\entry\\build\\default\\intermediates\\res\\default\\resources\\rawfile","type":"directory","isSymbolicLink":false,"children":[]}]},{"hashValue":"94044725321ed4c405abff587146c32d","name":"resources.index","path":"F:\\demo4client\\entry\\build\\default\\intermediates\\res\\default\\resources.index","type":"file","isSymbolicLink":false,"fileMetaData":{"size":1349,"lastModifiedTime":1727429212710}},{"hashValue":"838c24cbc0a83e4e4a70f147d81fdd9d","name":"ResourceTable.txt","path":"F:\\demo4client\\entry\\build\\default\\intermediates\\res\\default\\ResourceTable.txt","type":"file","isSymbolicLink":false,"fileMetaData":{"size":373,"lastModifiedTime":1727429212706}}]},"F:\\demo4client\\entry\\build\\default\\generated\\r\\default\\ResourceTable.h":{"hashValue":"8ed07fbfb2110c064472c3c5aa8709d3","name":"ResourceTable.h","path":"F:\\demo4client\\entry\\build\\default\\generated\\r\\default\\ResourceTable.h","type":"file","isSymbolicLink":false,"fileMetaData":{"size":1283,"lastModifiedTime":1727429212705}},"F:\\demo4client\\entry\\build\\default\\generated\\r\\default":{"hashValue":"b50a7dcc0456df299b70cb53eb05ff05","name":"default","path":"F:\\demo4client\\entry\\build\\default\\generated\\r\\default","type":"directory","isSymbolicLink":false,"children":[{"hashValue":"8ed07fbfb2110c064472c3c5aa8709d3","name":"ResourceTable.h","path":"F:\\demo4client\\entry\\build\\default\\generated\\r\\default\\ResourceTable.h","type":"file","isSymbolicLink":false,"fileMetaData":{"size":1283,"lastModifiedTime":1727429212705}}]},"F:\\demo4client\\entry\\build\\default\\intermediates\\loader\\default":{"hashValue":"9bfee7b8fc0af1a60bc7aa92a856b6ba","name":"default","path":"F:\\demo4client\\entry\\build\\default\\intermediates\\loader\\default","type":"directory","isSymbolicLink":false,"children":[{"hashValue":"014d3487893194f5118bafbd32a8d319","name":"loader.json","path":"F:\\demo4client\\entry\\build\\default\\intermediates\\loader\\default\\loader.json","type":"file","isSymbolicLink":false,"fileMetaData":{"size":804,"lastModifiedTime":1727429212554}},{"hashValue":"269fbe08d3cd7c849e0ef40f20af4f5e","name":"pkgContextInfo.json","path":"F:\\demo4client\\entry\\build\\default\\intermediates\\loader\\default\\pkgContextInfo.json","type":"file","isSymbolicLink":false,"fileMetaData":{"size":444,"lastModifiedTime":1727429212250}}]},"F:\\demo4client\\entry\\build\\default\\intermediates\\res\\default\\resources\\rawfile":{"hashValue":"","name":"rawfile","path":"F:\\demo4client\\entry\\build\\default\\intermediates\\res\\default\\resources\\rawfile","type":"directory","isSymbolicLink":false,"children":[]},"F:\\demo4client\\entry\\build\\default\\intermediates\\res\\default\\ResourceTable.txt":{"hashValue":"838c24cbc0a83e4e4a70f147d81fdd9d","name":"ResourceTable.txt","path":"F:\\demo4client\\entry\\build\\default\\intermediates\\res\\default\\ResourceTable.txt","type":"file","isSymbolicLink":false,"fileMetaData":{"size":373,"lastModifiedTime":1727429212706}},"F:\\demo4client\\entry\\build\\default\\intermediates\\res\\default\\module.json":{"hashValue":"ba8bd259f09aa66037e230f9076b696f","name":"module.json","path":"F:\\demo4client\\entry\\build\\default\\intermediates\\res\\default\\module.json","type":"file","isSymbolicLink":false,"fileMetaData":{"size":1941,"lastModifiedTime":1727429212707}},"F:\\demo4client\\entry\\build\\default\\intermediates\\res\\default\\resources\\base\\profile":{"hashValue":"f8551c630027156e074e5f0edda9f64b","name":"profile","path":"F:\\demo4client\\entry\\build\\default\\intermediates\\res\\default\\resources\\base\\profile","type":"directory","isSymbolicLink":false,"children":[{"hashValue":"9a6b232ea2baba30241b12791d4192eb","name":"backup_config.json","path":"F:\\demo4client\\entry\\build\\default\\intermediates\\res\\default\\resources\\base\\profile\\backup_config.json","type":"file","isSymbolicLink":false,"fileMetaData":{"size":36,"lastModifiedTime":1727426831488}},{"hashValue":"abd1e42f804ceae0c33eab41b8ea4ba7","name":"main_pages.json","path":"F:\\demo4client\\entry\\build\\default\\intermediates\\res\\default\\resources\\base\\profile\\main_pages.json","type":"file","isSymbolicLink":false,"fileMetaData":{"size":37,"lastModifiedTime":1727426831461}}]},"F:\\demo4client\\entry\\src\\main\\ets":{"hashValue":"07f7359233bec8dd372995d344044a34","name":"ets","path":"F:\\demo4client\\entry\\src\\main\\ets","type":"directory","isSymbolicLink":false,"children":[{"hashValue":"94f9d3bae6df02543606cada460d5bc9","name":"entryability","path":"F:\\demo4client\\entry\\src\\main\\ets\\entryability","type":"directory","isSymbolicLink":false,"children":[{"hashValue":"dac0777cf998940bc769af84f5e6258e","name":"EntryAbility.ets","path":"F:\\demo4client\\entry\\src\\main\\ets\\entryability\\EntryAbility.ets","type":"file","isSymbolicLink":false,"fileMetaData":{"size":1474,"lastModifiedTime":1727426834422}}]},{"hashValue":"3d9a92804cf4094fdb0360ffec535bb6","name":"entrybackupability","path":"F:\\demo4client\\entry\\src\\main\\ets\\entrybackupability","type":"directory","isSymbolicLink":false,"children":[{"hashValue":"0517cf2323d0b9ffb9a6bf50d87fec79","name":"EntryBackupAbility.ets","path":"F:\\demo4client\\entry\\src\\main\\ets\\entrybackupability\\EntryBackupAbility.ets","type":"file","isSymbolicLink":false,"fileMetaData":{"size":436,"lastModifiedTime":1727426834411}}]},{"hashValue":"7fd655215f9c57f96e575492b8833057","name":"pages","path":"F:\\demo4client\\entry\\src\\main\\ets\\pages","type":"directory","isSymbolicLink":false,"children":[{"hashValue":"95eb8b1fda892c7087ebbca5c6ef7dc4","name":"Index.ets","path":"F:\\demo4client\\entry\\src\\main\\ets\\pages\\Index.ets","type":"file","isSymbolicLink":false,"fileMetaData":{"size":4019,"lastModifiedTime":1727432594048}}]},{"hashValue":"7f890b714d3bf24a7c67d096b82dcf1a","name":"utils","path":"F:\\demo4client\\entry\\src\\main\\ets\\utils","type":"directory","isSymbolicLink":false,"children":[{"hashValue":"db24c039336109afe0333874d87b8fb9","name":"utils.ets","path":"F:\\demo4client\\entry\\src\\main\\ets\\utils\\utils.ets","type":"file","isSymbolicLink":false,"fileMetaData":{"size":815,"lastModifiedTime":1727428563427}}]}]},"F:\\demo4client\\entry\\build\\default\\intermediates\\loader_out\\default\\ets":{"hashValue":"ee845b1e891245a8d6c7f4a76c561e23","name":"ets","path":"F:\\demo4client\\entry\\build\\default\\intermediates\\loader_out\\default\\ets","type":"directory","isSymbolicLink":false,"children":[{"hashValue":"c836fbbe8c2fc976e9f2779072e951f5","name":"modules.abc","path":"F:\\demo4client\\entry\\build\\default\\intermediates\\loader_out\\default\\ets\\modules.abc","type":"file","isSymbolicLink":false,"fileMetaData":{"size":20372,"lastModifiedTime":1727432667398}},{"hashValue":"25582223785d542f7097734948d52abc","name":"sourceMaps.map","path":"F:\\demo4client\\entry\\build\\default\\intermediates\\loader_out\\default\\ets\\sourceMaps.map","type":"file","isSymbolicLink":false,"fileMetaData":{"size":7500,"lastModifiedTime":1727432667356}}]},"F:\\demo4client\\entry\\build\\default\\intermediates\\stripped_native_libs\\default":{"hashValue":"","name":"default","path":"F:\\demo4client\\entry\\build\\default\\intermediates\\stripped_native_libs\\default","type":"directory","isSymbolicLink":false,"children":[]},"F:\\demo4client\\entry\\build\\default\\intermediates\\patch\\default\\base_native_libs.json":{"hashValue":"6ff693bd02e85957d26a1be3a9e5fb2a","name":"base_native_libs.json","path":"F:\\demo4client\\entry\\build\\default\\intermediates\\patch\\default\\base_native_libs.json","type":"file","isSymbolicLink":false,"fileMetaData":{"size":25,"lastModifiedTime":1727429216096}},"F:\\demo4client\\entry\\build\\default\\intermediates\\package\\default\\module.json":{"hashValue":"ba8bd259f09aa66037e230f9076b696f","name":"module.json","path":"F:\\demo4client\\entry\\build\\default\\intermediates\\package\\default\\module.json","type":"file","isSymbolicLink":false,"fileMetaData":{"size":1941,"lastModifiedTime":1727429212707}},"F:\\demo4client\\entry\\build\\default\\intermediates\\res\\default\\resources":{"hashValue":"21c8322033a992733b1a919922638bfa","name":"resources","path":"F:\\demo4client\\entry\\build\\default\\intermediates\\res\\default\\resources","type":"directory","isSymbolicLink":false,"children":[{"hashValue":"517ae6bf4b7fdef36937f40e7b09a24a","name":"base","path":"F:\\demo4client\\entry\\build\\default\\intermediates\\res\\default\\resources\\base","type":"directory","isSymbolicLink":false,"children":[{"hashValue":"329b1dfb1119362f60e6656dae99599f","name":"media","path":"F:\\demo4client\\entry\\build\\default\\intermediates\\res\\default\\resources\\base\\media","type":"directory","isSymbolicLink":false,"children":[{"hashValue":"22d9ce7efa25516e1aa31f799f06e238","name":"app_icon.png","path":"F:\\demo4client\\entry\\build\\default\\intermediates\\res\\default\\resources\\base\\media\\app_icon.png","type":"file","isSymbolicLink":false,"fileMetaData":{"size":2777,"lastModifiedTime":1727426831139}},{"hashValue":"775de0d6e8459acb958740bcfbfba366","name":"background.png","path":"F:\\demo4client\\entry\\build\\default\\intermediates\\res\\default\\resources\\base\\media\\background.png","type":"file","isSymbolicLink":false,"fileMetaData":{"size":57364,"lastModifiedTime":1727426831429}},{"hashValue":"57737d1d4bdef9b2c4e057d5d0da6e8b","name":"foreground.png","path":"F:\\demo4client\\entry\\build\\default\\intermediates\\res\\default\\resources\\base\\media\\foreground.png","type":"file","isSymbolicLink":false,"fileMetaData":{"size":12430,"lastModifiedTime":1727426831433}},{"hashValue":"0fce0edef9a42402acae5f51785a38a3","name":"layered_image.json","path":"F:\\demo4client\\entry\\build\\default\\intermediates\\res\\default\\resources\\base\\media\\layered_image.json","type":"file","isSymbolicLink":false,"fileMetaData":{"size":95,"lastModifiedTime":1727429212703}},{"hashValue":"1594af846a87d9410a9f62373421cd48","name":"startIcon.png","path":"F:\\demo4client\\entry\\build\\default\\intermediates\\res\\default\\resources\\base\\media\\startIcon.png","type":"file","isSymbolicLink":false,"fileMetaData":{"size":20093,"lastModifiedTime":1727426831445}}]},{"hashValue":"f8551c630027156e074e5f0edda9f64b","name":"profile","path":"F:\\demo4client\\entry\\build\\default\\intermediates\\res\\default\\resources\\base\\profile","type":"directory","isSymbolicLink":false,"children":[{"hashValue":"9a6b232ea2baba30241b12791d4192eb","name":"backup_config.json","path":"F:\\demo4client\\entry\\build\\default\\intermediates\\res\\default\\resources\\base\\profile\\backup_config.json","type":"file","isSymbolicLink":false,"fileMetaData":{"size":36,"lastModifiedTime":1727426831488}},{"hashValue":"abd1e42f804ceae0c33eab41b8ea4ba7","name":"main_pages.json","path":"F:\\demo4client\\entry\\build\\default\\intermediates\\res\\default\\resources\\base\\profile\\main_pages.json","type":"file","isSymbolicLink":false,"fileMetaData":{"size":37,"lastModifiedTime":1727426831461}}]}]},{"hashValue":"","name":"rawfile","path":"F:\\demo4client\\entry\\build\\default\\intermediates\\res\\default\\resources\\rawfile","type":"directory","isSymbolicLink":false,"children":[]}]},"F:\\demo4client\\entry\\build\\default\\intermediates\\res\\default\\resources.index":{"hashValue":"94044725321ed4c405abff587146c32d","name":"resources.index","path":"F:\\demo4client\\entry\\build\\default\\intermediates\\res\\default\\resources.index","type":"file","isSymbolicLink":false,"fileMetaData":{"size":1349,"lastModifiedTime":1727429212710}},"F:\\demo4client\\entry\\build\\default\\outputs\\default\\entry-default-unsigned.hap":{"hashValue":"029cb3d9b33cff7fbb9772d0032da105","name":"entry-default-unsigned.hap","path":"F:\\demo4client\\entry\\build\\default\\outputs\\default\\entry-default-unsigned.hap","type":"file","isSymbolicLink":false,"fileMetaData":{"size":126401,"lastModifiedTime":1727432668095}},"F:\\demo4client\\entry\\build\\default\\outputs\\default\\mapping\\sourceMaps.map":{"hashValue":"25582223785d542f7097734948d52abc","name":"sourceMaps.map","path":"F:\\demo4client\\entry\\build\\default\\outputs\\default\\mapping\\sourceMaps.map","type":"file","isSymbolicLink":false,"fileMetaData":{"size":7500,"lastModifiedTime":1727432667356}},"F:\\demo4client\\build\\cache\\default\\integrated_hsp\\integratedHspCache.json":{"hashValue":"","name":"emptyroot","path":"","type":"unknown","isSymbolicLink":false,"children":[]},"F:\\demo4client\\entry\\build\\default\\intermediates\\syscap\\default\\rpcid.sc":{"hashValue":"","name":"emptyroot","path":"","type":"unknown","isSymbolicLink":false,"children":[]},"F:\\demo4client\\entry\\build\\default\\intermediates\\loader_out\\default\\js":{"hashValue":"","name":"emptyroot","path":"","type":"unknown","isSymbolicLink":false,"children":[]},"F:\\demo4client\\entry\\build\\default\\outputs\\default\\entry-default-signed.hap":{"hashValue":"","name":"emptyroot","path":"","type":"unknown","isSymbolicLink":false,"children":[]}}