{"CACHE_SYNC_FILE_HASH":{"F:\\demo4server\\hvigor\\hvigor-config.json5":"f3b8194d84fb117391ac4b07a51f86efc6d10e7e0e3a9d2f4ad491cc02391313","F:\\demo4server\\oh-package.json5":"ff60ccf86a039770a2f49d0ad988faa06d905b04a1ae9edc761c1285514bc84c","F:\\demo4server\\entry\\build-profile.json5":"046441e80d46249c44032e673f8592b6ac35b6f57349ac139862e026f762a045","F:\\demo4server\\entry\\hvigorfile.ts":"fa8f98b18e1689fd3f6f0a04b59b6a6780525b1f2c609c96b5da0dbadf072144","F:\\demo4server\\entry\\oh-package.json5":"b118b7be6a02e8d93d31cdb0f897586680afdf61a3abf215de12164df1c83bc9","F:\\demo4server\\.hvigor\\outputs\\sync\\output.json":"1674dd6be34ff79e984d0433a59154c84a2f45881c3f3bac2f05b38460f09daa","F:\\demo4server\\build-profile.json5":"eee7ce9919d40690973bcea7d24bf631f9f6ddbe77d0ca0c8a951dba9e5a304e","F:\\demo4server\\hvigorfile.ts":"4962151500c5fefef06e2531e15cbc4aca8068488085aa9182bca24fbe31d141","SDK_LOCATION":"F:/huawei harmony/DevEco Studio/sdk"},"OHPM_INSTALL_FILE_HASH":{"F:\\demo4server\\oh-package.json5":"ff60ccf86a039770a2f49d0ad988faa06d905b04a1ae9edc761c1285514bc84c","F:\\demo4server\\entry\\oh-package.json5":"b118b7be6a02e8d93d31cdb0f897586680afdf61a3abf215de12164df1c83bc9","F:\\demo4server\\oh_modules":true,"F:\\demo4server\\entry\\oh_modules":false}}